"id","benefit_id","name","type","masterdata_table","use_masterdata","masterdata_table_key","masterdata_table_value","masterdata_table_condition","validation_rules","error_messages","options","order","use_prefilled_data","prefilled_data_type","prefilled_vault_data_key","prefilled_worker_data_table","prefilled_worker_data_key","use_masterdata_value","masterdata_value_table","masterdata_value_table_key","masterdata_value_table_value","is_required","is_readonly","is_hidden","is_disabled","is_dependent_field","dependent_field_id","dependent_field_value","status","created_at","updated_at","deleted_at"
"1","2","district","select","districts",True,"district_code","district_name","state_code=18","{""required"": true}","{""required"":""This field is required""}",NULL,0,False,NULL,NULL,NULL,NULL,False,NULL,NULL,NULL,False,False,False,False,False,NULL,NULL,True,"2025-07-04 05:56:32","2025-07-04 05:56:32",NULL
"2","2","name_of_applicant","text",NULL,NULL,NULL,NULL,NULL,"{""required"": true}","{""required"":""This field is required""}",NULL,0,False,NULL,NULL,NULL,NULL,False,NULL,NULL,NULL,False,False,False,False,False,NULL,NULL,True,"2025-07-04 05:59:41","2025-07-04 05:59:41",NULL
"3","2","address_of_hospital","text",NULL,NULL,NULL,NULL,NULL,"{""required"": true}","{""required"":""This field is required""}",NULL,0,False,NULL,NULL,NULL,NULL,False,NULL,NULL,NULL,False,False,False,False,False,NULL,NULL,True,"2025-07-04 06:28:46","2025-07-04 06:28:46",NULL
"4","2","name_of_hospital_where_child_was_born","text",NULL,NULL,NULL,NULL,NULL,"{""required"": true}","{""required"":""This field is required""}",NULL,0,False,NULL,NULL,NULL,NULL,False,NULL,NULL,NULL,False,False,False,False,False,NULL,NULL,True,"2025-07-04 06:29:30","2025-07-04 06:29:30",NULL
"5","2","age_of_applicant","text",NULL,NULL,NULL,NULL,NULL,"{""required"": true}","{""required"":""This field is required""}",NULL,0,False,NULL,NULL,NULL,NULL,False,NULL,NULL,NULL,False,False,False,False,False,NULL,NULL,True,"2025-07-04 06:30:47","2025-07-04 06:30:47",NULL
"6","3","district","select","districts",True,"district_code","district_name","state_code=18","{""required"": true}","{""required"":""This field is required""}",NULL,0,False,NULL,NULL,NULL,NULL,False,NULL,NULL,NULL,False,False,False,False,False,NULL,NULL,True,"2025-07-04 06:36:14","2025-07-04 06:36:14",NULL
"7","3","applicant_first_name","text",NULL,NULL,NULL,NULL,NULL,"{""required"": true}","{""required"":""This field is required""}",NULL,0,False,NULL,NULL,NULL,NULL,False,NULL,NULL,NULL,False,False,False,False,False,NULL,NULL,True,"2025-07-04 06:37:07","2025-07-04 06:37:07",NULL
"8","3","applicant_last_name","text",NULL,NULL,NULL,NULL,NULL,"{""required"": true}","{""required"":""This field is required""}",NULL,0,False,NULL,NULL,NULL,NULL,False,NULL,NULL,NULL,False,False,False,False,False,NULL,NULL,True,"2025-07-04 06:37:43","2025-07-04 06:37:43",NULL
"9","3","address_of_applicant","text",NULL,NULL,NULL,NULL,NULL,"{""required"": true}","{""required"":""This field is required""}",NULL,0,False,NULL,NULL,NULL,NULL,False,NULL,NULL,NULL,False,False,False,False,False,NULL,NULL,True,"2025-07-04 06:39:33","2025-07-04 06:39:33",NULL
"10","3","category_of_applicant","select","categories",True,"category_code","category_name",NULL,"{""required"": true}","{""required"":""This field is required""}",NULL,0,False,NULL,NULL,NULL,NULL,False,NULL,NULL,NULL,False,False,False,False,False,NULL,NULL,True,"2025-07-04 06:41:10","2025-07-04 06:41:10",NULL
"11","4","district","select","districts",True,"district_code","district_name","state_code=18","{""required"": true}","{""required"":""This field is required""}",NULL,0,False,NULL,NULL,NULL,NULL,False,NULL,NULL,NULL,False,False,False,False,False,NULL,NULL,True,"2025-07-04 06:45:32","2025-07-04 06:45:32",NULL
"12","4","name_of_applicant","text",NULL,NULL,NULL,NULL,NULL,"{""required"": true}","{""required"":""This field is required""}",NULL,0,False,NULL,NULL,NULL,NULL,False,NULL,NULL,NULL,False,False,False,False,False,NULL,NULL,True,"2025-07-04 06:46:51","2025-07-04 06:46:51",NULL
"13","4","address_of_applicant","textarea",NULL,NULL,NULL,NULL,NULL,"{""required"": true}","{""required"":""This field is required""}",NULL,0,False,NULL,NULL,NULL,NULL,False,NULL,NULL,NULL,False,False,False,False,False,NULL,NULL,True,"2025-07-04 06:48:18","2025-07-04 06:48:18",NULL
"14","4","category_of_applicant","select","categories",True,"category_code","category_name",NULL,"{""required"": true}","{""required"":""This field is required""}",NULL,0,False,NULL,NULL,NULL,NULL,False,NULL,NULL,NULL,False,False,False,False,False,NULL,NULL,True,"2025-07-04 06:49:41","2025-07-04 06:49:41",NULL
"15","4","name_of_college_where_admitted","text",NULL,NULL,NULL,NULL,NULL,"{""required"": true}","{""required"":""This field is required""}",NULL,0,False,NULL,NULL,NULL,NULL,False,NULL,NULL,NULL,False,False,False,False,False,NULL,NULL,True,"2025-07-04 06:51:29","2025-07-04 06:51:29",NULL
"16","5","district","select","districts",True,"district_code","district_name",NULL,"{""required"": true}","{""required"":""This field is required""}",NULL,0,False,NULL,NULL,NULL,NULL,False,NULL,NULL,NULL,False,False,False,False,False,NULL,NULL,True,"2025-07-04 07:06:11","2025-07-04 07:06:11",NULL
"17","5","name_of_applicant","text",NULL,NULL,NULL,NULL,NULL,"{""required"": true}","{""required"":""This field is required""}",NULL,0,False,NULL,NULL,NULL,NULL,False,NULL,NULL,NULL,False,False,False,False,False,NULL,NULL,True,"2025-07-04 07:07:24","2025-07-04 07:07:24",NULL
"18","5","address_of_applicant","textarea",NULL,NULL,NULL,NULL,NULL,"{""required"": true}","{""required"":""This field is required""}",NULL,0,False,NULL,NULL,NULL,NULL,False,NULL,NULL,NULL,False,False,False,False,False,NULL,NULL,True,"2025-07-04 07:07:55","2025-07-04 07:07:55",NULL
"19","5","age_of_applicant","text",NULL,NULL,NULL,NULL,NULL,"{""required"": true}","{""required"":""This field is required""}",NULL,0,False,NULL,NULL,NULL,NULL,False,NULL,NULL,NULL,False,False,False,False,False,NULL,NULL,True,"2025-07-04 07:08:30","2025-07-04 07:08:30",NULL
"20","5","date_of_birth_of_applicant","date",NULL,NULL,NULL,NULL,NULL,"{""required"": true}","{""required"":""This field is required""}",NULL,0,False,NULL,NULL,NULL,NULL,False,NULL,NULL,NULL,False,False,False,False,False,NULL,NULL,True,"2025-07-04 07:08:59","2025-07-04 07:08:59",NULL
"21","6","district","select","districts",True,"district_code","district_name","state_code=18","{""required"": true}","{""required"":""This field is required""}",NULL,0,False,NULL,NULL,NULL,NULL,False,NULL,NULL,NULL,False,False,False,False,False,NULL,NULL,True,"2025-07-04 07:13:43","2025-07-04 07:13:43",NULL
"22","6","applicant_first_name","text",NULL,NULL,NULL,NULL,NULL,"{""required"": true}","{""required"":""This field is required""}",NULL,0,False,NULL,NULL,NULL,NULL,False,NULL,NULL,NULL,False,False,False,False,False,NULL,NULL,True,"2025-07-04 07:14:27","2025-07-04 07:14:27",NULL
"23","6","applicant_last_name","text",NULL,NULL,NULL,NULL,NULL,"{""required"": true}","{""required"":""This field is required""}",NULL,0,False,NULL,NULL,NULL,NULL,False,NULL,NULL,NULL,False,False,False,False,False,NULL,NULL,True,"2025-07-04 07:14:54","2025-07-04 07:14:54",NULL
"24","6","what_loan_or_advance_amount_remains_to_be_recovered","text",NULL,NULL,NULL,NULL,NULL,"{""required"": true}","{""required"":""This field is required""}",NULL,0,False,NULL,NULL,NULL,NULL,False,NULL,NULL,NULL,False,False,False,False,False,NULL,NULL,True,"2025-07-04 07:16:07","2025-07-04 07:16:07",NULL
"25","6","address_where_pension_to_be_sent","text",NULL,NULL,NULL,NULL,NULL,"{""required"": true}","{""required"":""This field is required""}",NULL,0,False,NULL,NULL,NULL,NULL,False,NULL,NULL,NULL,False,False,False,False,False,NULL,NULL,True,"2025-07-04 07:16:48","2025-07-04 07:16:48",NULL
"26","7","district","select","districts",True,"district_code","district_name","state_code=18","{""required"": true}","{""required"":""This field is required""}",NULL,0,False,NULL,NULL,NULL,NULL,False,NULL,NULL,NULL,False,False,False,False,False,NULL,NULL,True,"2025-07-04 07:17:54","2025-07-04 07:17:54",NULL
"27","7","name_of_applicant","text",NULL,NULL,NULL,NULL,NULL,"{""required"": true}","{""required"":""This field is required""}",NULL,0,False,NULL,NULL,NULL,NULL,False,NULL,NULL,NULL,False,False,False,False,False,NULL,NULL,True,"2025-07-04 07:18:36","2025-07-04 07:18:36",NULL
"28","7","address_of_applicant","textarea",NULL,NULL,NULL,NULL,NULL,"{""required"": true}","{""required"":""This field is required""}",NULL,0,False,NULL,NULL,NULL,NULL,False,NULL,NULL,NULL,False,False,False,False,False,NULL,NULL,True,"2025-07-04 07:20:15","2025-07-04 07:20:15",NULL
"29","7","age_of_applicant","text",NULL,NULL,NULL,NULL,NULL,"{""required"": true}","{""required"":""This field is required""}",NULL,0,False,NULL,NULL,NULL,NULL,False,NULL,NULL,NULL,False,False,False,False,False,NULL,NULL,True,"2025-07-04 07:20:44","2025-07-04 07:20:44",NULL
"30","7","date_of_birth_of_applicant","date",NULL,NULL,NULL,NULL,NULL,"{""required"": true}","{""required"":""This field is required""}",NULL,0,False,NULL,NULL,NULL,NULL,False,NULL,NULL,NULL,False,False,False,False,False,NULL,NULL,True,"2025-07-04 07:21:19","2025-07-04 07:21:19",NULL
"31","8","district","select","districts",True,"district_code","district_name","state_code=18","{""required"": true}","{""required"":""This field is required""}",NULL,0,False,NULL,NULL,NULL,NULL,False,NULL,NULL,NULL,False,False,False,False,False,NULL,NULL,True,"2025-07-04 07:22:46","2025-07-04 07:22:46",NULL
"32","8","name_of_applicant","text",NULL,NULL,NULL,NULL,NULL,"{""required"":true}","{""required"":""This field is required""}",NULL,0,False,NULL,NULL,NULL,NULL,False,NULL,NULL,NULL,False,False,False,False,False,NULL,NULL,True,"2025-07-04 07:24:36","2025-07-04 07:24:36",NULL
"33","8","address_of_applicant","textarea",NULL,NULL,NULL,NULL,NULL,"{""required"": true}","{""required"":""This field is required""}",NULL,0,False,NULL,NULL,NULL,NULL,False,NULL,NULL,NULL,False,False,False,False,False,NULL,NULL,True,"2025-07-04 07:25:33","2025-07-04 07:25:33",NULL
"34","8","age_of_applicant","text",NULL,NULL,NULL,NULL,NULL,"{""required"": true}","{""required"":""This field is required""}",NULL,0,False,NULL,NULL,NULL,NULL,False,NULL,NULL,NULL,False,False,False,False,False,NULL,NULL,True,"2025-07-04 07:26:04","2025-07-04 07:26:04",NULL
"35","8","date_of_birth_of_applicant","date",NULL,NULL,NULL,NULL,NULL,"{""required"":true}","{""required"":""This field is required""}",NULL,0,False,NULL,NULL,NULL,NULL,False,NULL,NULL,NULL,False,False,False,False,False,NULL,NULL,True,"2025-07-04 07:26:33","2025-07-04 07:26:33",NULL
"36","1","name_of_guardian_if_nominees_or_family_members_are_minor","text",NULL,NULL,NULL,NULL,NULL,"{""required"":true}","{""required"":""This field is required""}",NULL,0,False,NULL,NULL,NULL,NULL,False,NULL,NULL,NULL,False,False,False,False,False,NULL,NULL,True,"2025-07-04 07:29:05","2025-07-04 07:29:05",NULL
"37","1","relationship_of_guardian_with_children_of_deceased_workers","text",NULL,NULL,NULL,NULL,NULL,"{""required"":true}","{""required"":""This field is required""}",NULL,0,False,NULL,NULL,NULL,NULL,False,NULL,NULL,NULL,False,False,False,False,False,NULL,NULL,True,"2025-07-04 07:30:10","2025-07-04 07:30:10",NULL
"38","1","amount_of_financial_assistance_applied_for","text",NULL,NULL,NULL,NULL,NULL,"{""required"": true}","{""required"":""This field is required""}",NULL,0,False,NULL,NULL,NULL,NULL,False,NULL,NULL,NULL,False,False,False,False,False,NULL,NULL,True,"2025-07-04 07:30:50","2025-07-04 07:30:50",NULL
"39","1","date_of_death_of_worker","date",NULL,NULL,NULL,NULL,NULL,"{""required"": true}","{""required"":""This field is required""}",NULL,0,False,NULL,NULL,NULL,NULL,False,NULL,NULL,NULL,False,False,False,False,False,NULL,NULL,True,"2025-07-04 07:32:02","2025-07-04 07:32:02",NULL
"40","1","nature_of_death","select",NULL,NULL,NULL,NULL,NULL,"{""required"": true}","{""required"":""This field is required""}","[""Natural"","" Accidental"","" Murder"","" Suicide""]",0,False,NULL,NULL,NULL,NULL,False,NULL,NULL,NULL,False,False,False,False,False,NULL,NULL,True,"2025-07-04 07:33:18","2025-07-04 07:33:18",NULL
"41","2","name_of_husband","text",NULL,NULL,NULL,NULL,NULL,"{""required"":true}","{""required"":""This field is required""}",NULL,0,False,NULL,NULL,NULL,NULL,False,NULL,NULL,NULL,False,False,False,False,False,NULL,NULL,True,"2025-07-05 08:02:01","2025-07-05 08:02:01",NULL
"42","2","date_of_confinement","date",NULL,NULL,NULL,NULL,NULL,"{""required"":true}","{""required"":""This field is required""}",NULL,0,False,NULL,NULL,NULL,NULL,False,NULL,NULL,NULL,False,False,False,False,False,NULL,NULL,True,"2025-07-05 08:03:37","2025-07-05 08:03:37",NULL
"43","2","have_you_applied_for_this_benefit_earlier","select",NULL,NULL,NULL,NULL,NULL,"{""required"":true}","{""required"":""This field is required""}","[""Yes"","" No""]",0,False,NULL,NULL,NULL,NULL,False,NULL,NULL,NULL,False,False,False,False,False,NULL,NULL,True,"2025-07-05 08:06:08","2025-07-05 08:06:08",NULL
"44","2","if_so_how_many_times","number",NULL,NULL,NULL,NULL,NULL,"{""required"":true}","{""required"":""This field is required""}",NULL,0,False,NULL,NULL,NULL,NULL,False,NULL,NULL,NULL,False,False,False,False,True,"43","Yes",True,"2025-07-05 08:07:24","2025-07-05 08:07:24",NULL
"45","2","details_if_applied_earlier","textarea",NULL,NULL,NULL,NULL,NULL,"{""required"":true}","{""required"":""This field is required""}",NULL,0,False,NULL,NULL,NULL,NULL,False,NULL,NULL,NULL,False,False,False,False,True,"43","Yes",True,"2025-07-05 08:07:58","2025-07-05 08:07:58",NULL
"46","2","name_of_bank_where_amount_to_be_deposited","text",NULL,NULL,NULL,NULL,NULL,"{""required"":true}","{""required"":""This field is required""}",NULL,0,False,NULL,NULL,NULL,NULL,False,NULL,NULL,NULL,False,False,False,False,False,NULL,NULL,True,"2025-07-08 06:25:52","2025-07-08 06:25:52",NULL
"47","2","ifsc_code","text",NULL,NULL,NULL,NULL,NULL,"{""required"":true}","{""required"":""This field is required""}",NULL,0,False,NULL,NULL,NULL,NULL,False,NULL,NULL,NULL,False,False,False,False,False,NULL,NULL,True,"2025-07-08 06:26:13","2025-07-08 06:26:13",NULL
"48","2","address_of_branch","textarea",NULL,NULL,NULL,NULL,NULL,"{""required"":true}","{""required"":""This field is required""}",NULL,0,False,NULL,NULL,NULL,NULL,False,NULL,NULL,NULL,False,False,False,False,False,NULL,NULL,True,"2025-07-08 06:26:46","2025-07-08 06:26:46",NULL
"49","2","bank_account_number","text",NULL,NULL,NULL,NULL,NULL,"{""required"":true}","{""required"":""This field is required""}",NULL,0,False,NULL,NULL,NULL,NULL,False,NULL,NULL,NULL,False,False,False,False,False,NULL,NULL,True,"2025-07-08 06:28:06","2025-07-08 06:28:06",NULL
"50","2","confirm_bank_account_number","text",NULL,NULL,NULL,NULL,NULL,"{""required"":true}","{""required"":""This field is required""}",NULL,0,False,NULL,NULL,NULL,NULL,False,NULL,NULL,NULL,False,False,False,False,False,NULL,NULL,True,"2025-07-08 06:29:46","2025-07-08 06:29:46",NULL
"51","2","photocopy_of_account_paybook","file",NULL,NULL,NULL,NULL,NULL,"{""required"":true}","{""required"":""This field is required""}",NULL,0,False,NULL,NULL,NULL,NULL,False,NULL,NULL,NULL,False,False,False,False,False,NULL,NULL,True,"2025-07-08 06:30:54","2025-07-08 06:30:54",NULL
"52","2","medical_certificate_with_other_related_documents","file",NULL,NULL,NULL,NULL,NULL,"{""required"":true}","{""required"":""This field is required""}",NULL,0,False,NULL,NULL,NULL,NULL,False,NULL,NULL,NULL,False,False,False,False,False,NULL,NULL,True,"2025-07-08 06:32:10","2025-07-08 06:32:10",NULL
"54","3","date_of_birth","date",NULL,NULL,NULL,NULL,NULL,"{""required"":true}","{""required"":""This field is required""}",NULL,0,True,1,"dob",NULL,NULL,False,NULL,NULL,NULL,False,False,False,False,False,NULL,NULL,True,"2025-07-08 06:36:38","2025-07-08 06:36:38",NULL
"55","3","age","text",NULL,NULL,NULL,NULL,NULL,"{""required"":true}","{""required"":""This field is required""}",NULL,0,False,NULL,NULL,NULL,NULL,False,NULL,NULL,NULL,False,False,False,False,False,NULL,NULL,True,"2025-07-08 06:38:28","2025-07-08 06:38:28",NULL
"56","3","details_of_disease_accident","text",NULL,NULL,NULL,NULL,NULL,"{""required"":true}","{""required"":""This field is required""}",NULL,0,False,NULL,NULL,NULL,NULL,False,NULL,NULL,NULL,False,False,False,False,False,NULL,NULL,True,"2025-07-08 06:42:41","2025-07-08 06:42:41",NULL
"57","3","nature_of_disability_due_to_disease_or_accident","text",NULL,NULL,NULL,NULL,NULL,"{""required"":true}","{""required"":""This field is required""}",NULL,0,False,NULL,NULL,NULL,NULL,False,NULL,NULL,NULL,False,False,False,False,False,NULL,NULL,True,"2025-07-08 06:43:56","2025-07-08 06:43:56",NULL
"58","3","details_of_treatment_in_government_hospital","text",NULL,NULL,NULL,NULL,NULL,"{""required"":true}","{""required"":""This field is required""}",NULL,0,False,NULL,NULL,NULL,NULL,False,NULL,NULL,NULL,False,False,False,False,False,NULL,NULL,True,"2025-07-08 06:45:05","2025-07-08 06:45:05",NULL
"59","3","date_of_admission_in_the_government_hospital","date",NULL,NULL,NULL,NULL,NULL,"{""required"":true}","{""required"":""This field is required""}",NULL,0,False,NULL,NULL,NULL,NULL,False,NULL,NULL,NULL,False,False,False,False,False,NULL,NULL,True,"2025-07-08 06:45:59","2025-07-08 06:45:59",NULL
"60","3","date_of_discharge_from_the_government_hospital","date",NULL,NULL,NULL,NULL,NULL,"{""required"":true}","{""required"":""This field is required""}",NULL,0,False,NULL,NULL,NULL,NULL,False,NULL,NULL,NULL,False,False,False,False,False,NULL,NULL,True,"2025-07-08 06:49:16","2025-07-08 06:49:16",NULL
"61","3","whether_the_patient_was_in_plaster","select",NULL,NULL,NULL,NULL,NULL,"{""required"":true}","{""required"":""This field is required""}","[""yes"","" no""]",0,False,NULL,NULL,NULL,NULL,False,NULL,NULL,NULL,False,False,False,False,False,NULL,NULL,True,"2025-07-08 06:50:25","2025-07-08 06:50:25",NULL
"62","3","number_of_days_supported_by_medical_bills_countersigned_by_government_doctor","text",NULL,NULL,NULL,NULL,NULL,"{""required"":true}","{""required"":""This field is required""}",NULL,0,False,NULL,NULL,NULL,NULL,False,NULL,NULL,NULL,False,False,False,False,True,"61","yes",True,"2025-07-08 06:53:46","2025-07-08 06:53:46",NULL
"63","3","amount_spent_for_treatment","text",NULL,NULL,NULL,NULL,NULL,"{""required"":true}","{""required"":""This field is required""}",NULL,0,False,NULL,NULL,NULL,NULL,False,NULL,NULL,NULL,False,False,False,False,False,NULL,NULL,True,"2025-07-08 06:55:06","2025-07-08 06:55:06",NULL
"64","3","details_of_benefit_received_earlier_if_any","text",NULL,NULL,NULL,NULL,NULL,"{""required"":false}","{""required"":""This field is optional""}",NULL,0,False,NULL,NULL,NULL,NULL,False,NULL,NULL,NULL,False,False,False,False,False,NULL,NULL,True,"2025-07-08 06:57:23","2025-07-08 06:57:23",NULL
"65","3","details_of_benefit_received_from_govt_or_institution_if_any","text",NULL,NULL,NULL,NULL,NULL,"{""required"":false}","{""required"":""This field is optional""}",NULL,0,False,NULL,NULL,NULL,NULL,False,NULL,NULL,NULL,False,False,False,False,False,NULL,NULL,True,"2025-07-08 06:59:30","2025-07-08 06:59:30",NULL
"66","3","pending_loan_or_advance_amount_remains_to_be_recovered","text",NULL,NULL,NULL,NULL,NULL,"{""required"":true}","{""required"":""This field is required""}",NULL,0,False,NULL,NULL,NULL,NULL,False,NULL,NULL,NULL,False,False,False,False,False,NULL,NULL,True,"2025-07-08 07:00:56","2025-07-08 07:00:56",NULL
"67","3","bank_name","text",NULL,NULL,NULL,NULL,NULL,"{""required"":true}","{""required"":""This field is required""}",NULL,0,False,NULL,NULL,NULL,NULL,False,NULL,NULL,NULL,False,False,False,False,False,NULL,NULL,True,"2025-07-08 07:01:58","2025-07-08 07:01:58",NULL
"68","3","bank_branch_name","text",NULL,NULL,NULL,NULL,NULL,"{""required"":true}","{""required"":""This field is required""}",NULL,0,False,NULL,NULL,NULL,NULL,False,NULL,NULL,NULL,False,False,False,False,False,NULL,NULL,True,"2025-07-08 07:03:19","2025-07-08 07:03:19",NULL
"69","3","account_number","text",NULL,NULL,NULL,NULL,NULL,"{""required"":true}","{""required"":""This field is required""}",NULL,0,False,NULL,NULL,NULL,NULL,False,NULL,NULL,NULL,False,False,False,False,False,NULL,NULL,True,"2025-07-08 07:04:15","2025-07-08 07:04:15",NULL
"70","3","confirm_account_number","text",NULL,NULL,NULL,NULL,NULL,"{""required"":true}","{""required"":""This field is required""}",NULL,0,False,NULL,NULL,NULL,NULL,False,NULL,NULL,NULL,False,False,False,False,False,NULL,NULL,True,"2025-07-08 07:05:03","2025-07-08 07:05:03",NULL
"71","3","mobile_number","text",NULL,NULL,NULL,NULL,NULL,"{""required"":true}","{""required"":""This field is required""}",NULL,0,True,2,NULL,"main_worker_forms","phone_no",False,NULL,NULL,NULL,False,False,False,False,False,NULL,NULL,True,"2025-07-08 07:06:06","2025-07-08 07:06:06",NULL
"72","3","photocopy_of_account_paybook","file",NULL,NULL,NULL,NULL,NULL,"{""required"":true}","{""required"":""This field is required""}",NULL,0,False,NULL,NULL,NULL,NULL,False,NULL,NULL,NULL,False,False,False,False,False,NULL,NULL,True,"2025-07-08 07:07:47","2025-07-08 07:07:47",NULL
"73","3","employer_certificate_on_accident","file",NULL,NULL,NULL,NULL,NULL,"{""required"":true}","{""required"":""This field is required""}",NULL,0,False,NULL,NULL,NULL,NULL,False,NULL,NULL,NULL,False,False,False,False,False,NULL,NULL,True,"2025-07-08 07:08:33","2025-07-08 07:08:33",NULL
"74","4","university_or_board_where_admitted","text",NULL,NULL,NULL,NULL,NULL,"{""required"":true}","{""required"":""This field is required""}",NULL,0,False,NULL,NULL,NULL,NULL,False,NULL,NULL,NULL,False,False,False,False,False,NULL,NULL,True,"2025-07-09 08:39:54","2025-07-09 08:39:54",NULL
"75","4","name_of_course","text",NULL,NULL,NULL,NULL,NULL,"{""required"":true}","{""required"":""This field is required""}",NULL,0,False,NULL,NULL,NULL,NULL,False,NULL,NULL,NULL,False,False,False,False,False,NULL,NULL,True,"2025-07-09 08:40:47","2025-07-09 08:40:47",NULL
"76","4","number_of_years_of_course","text",NULL,NULL,NULL,NULL,NULL,"{""required"":true}","{""required"":""This field is required""}",NULL,0,False,NULL,NULL,NULL,NULL,False,NULL,NULL,NULL,False,False,False,False,False,NULL,NULL,True,"2025-07-09 08:41:48","2025-07-09 08:41:48",NULL
"77","4","date_of_admission_in_the_course","date",NULL,NULL,NULL,NULL,NULL,"{""required"":true}","{""required"":""This field is required""}",NULL,0,False,NULL,NULL,NULL,NULL,False,NULL,NULL,NULL,False,False,False,False,False,NULL,NULL,True,"2025-07-09 08:43:07","2025-07-09 08:43:07",NULL
"78","4","name_of_student","text",NULL,NULL,NULL,NULL,NULL,"{""required"":true}","{""required"":""This field is required""}",NULL,0,False,NULL,NULL,NULL,NULL,False,NULL,NULL,NULL,False,False,False,False,False,NULL,NULL,True,"2025-07-09 08:43:56","2025-07-09 08:43:56",NULL
"79","4","age_of_student","text",NULL,NULL,NULL,NULL,NULL,"{""required"":true}","{""required"":""This field is required""}",NULL,0,False,NULL,NULL,NULL,NULL,False,NULL,NULL,NULL,False,False,False,False,False,NULL,NULL,True,"2025-07-09 08:44:47","2025-07-09 08:44:47",NULL
"80","4","date_of_birth_of_student","date",NULL,NULL,NULL,NULL,NULL,"{""required"":true}","{""required"":""This field is required""}",NULL,0,False,NULL,NULL,NULL,NULL,False,NULL,NULL,NULL,False,False,False,False,False,NULL,NULL,True,"2025-07-09 08:46:13","2025-07-09 08:46:13",NULL
"81","4","name_and_address_of_parent_of_student","textarea",NULL,NULL,NULL,NULL,NULL,"{""required"":true}","{""required"":""This field is required""}",NULL,0,False,NULL,NULL,NULL,NULL,False,NULL,NULL,NULL,False,False,False,False,False,NULL,NULL,True,"2025-07-09 08:47:59","2025-07-09 08:47:59",NULL
"83","4","whether_father_or_mother_or_both_are_registered_beneficiary_under_the_welfare_board","select",NULL,NULL,NULL,NULL,NULL,"{""required"":true}","{""required"":""This field is required""}","[""select"","" yes"","" no""]",0,False,NULL,NULL,NULL,NULL,False,NULL,NULL,NULL,False,False,False,False,False,NULL,NULL,True,"2025-07-09 08:53:00","2025-07-09 08:53:00",NULL
"84","4","date_of_payment_of_last_contribution","date",NULL,NULL,NULL,NULL,NULL,"{""required"":true}","{""required"":""This field is required""}",NULL,0,False,NULL,NULL,NULL,NULL,False,NULL,NULL,NULL,False,False,False,False,False,NULL,NULL,True,"2025-07-09 08:55:06","2025-07-09 08:55:06",NULL
"85","4","name_of_bank","text",NULL,NULL,NULL,NULL,NULL,"{""required"":true}","{""required"":""This field is required""}",NULL,0,False,NULL,NULL,NULL,NULL,False,NULL,NULL,NULL,False,False,False,False,False,NULL,NULL,True,"2025-07-09 08:55:51","2025-07-09 08:55:51",NULL
"86","4","branch","text",NULL,NULL,NULL,NULL,NULL,"{""required"":true}","{""required"":""This field is required""}",NULL,0,False,NULL,NULL,NULL,NULL,False,NULL,NULL,NULL,False,False,False,False,False,NULL,NULL,True,"2025-07-09 08:56:23","2025-07-09 08:56:23",NULL
"87","4","ifsc_code","text",NULL,NULL,NULL,NULL,NULL,"{""required"":true}","{""required"":""This field is required""}",NULL,0,False,NULL,NULL,NULL,NULL,False,NULL,NULL,NULL,False,False,False,False,False,NULL,NULL,True,"2025-07-09 08:57:01","2025-07-09 08:57:01",NULL
"88","4","account_number","text",NULL,NULL,NULL,NULL,NULL,"{""required"":true}","{""required"":""This field is required""}",NULL,0,False,NULL,NULL,NULL,NULL,False,NULL,NULL,NULL,False,False,False,False,False,NULL,NULL,True,"2025-07-09 08:58:34","2025-07-09 08:58:34",NULL
"89","4","confirm_account_number","text",NULL,NULL,NULL,NULL,NULL,"{""required"":true}","{""required"":""This field is required""}",NULL,0,False,NULL,NULL,NULL,NULL,False,NULL,NULL,NULL,False,False,False,False,False,NULL,NULL,True,"2025-07-09 08:59:31","2025-07-09 08:59:31",NULL
"90","4","affidavit_of_parent_needs_to_be_uploaded","file",NULL,NULL,NULL,NULL,NULL,"{""required"":true}","{""required"":""This field is required""}",NULL,0,False,NULL,NULL,NULL,NULL,False,NULL,NULL,NULL,False,False,False,False,False,NULL,NULL,True,"2025-07-09 09:00:53","2025-07-09 09:00:53",NULL
"91","4","photocopy_of_bank_pay_book","file",NULL,NULL,NULL,NULL,NULL,"{""required"":true}","{""required"":""This field is required""}",NULL,0,False,NULL,NULL,NULL,NULL,False,NULL,NULL,NULL,False,False,False,False,False,NULL,NULL,True,"2025-07-09 09:01:36","2025-07-09 09:01:36",NULL
"92","4","caste_certificate_of_student","file",NULL,NULL,NULL,NULL,NULL,"{""required"":true}","{""required"":""This field is required""}",NULL,0,False,NULL,NULL,NULL,NULL,False,NULL,NULL,NULL,False,False,False,False,False,NULL,NULL,True,"2025-07-09 09:02:26","2025-07-09 09:02:26",NULL
"93","4","attested_copy_of_pass_certificate_from_the_head_of_the_institution","file",NULL,NULL,NULL,NULL,NULL,"{""required"":true}","{""required"":""This field is required""}",NULL,0,False,NULL,NULL,NULL,NULL,False,NULL,NULL,NULL,False,False,False,False,False,NULL,NULL,True,"2025-07-09 09:03:17","2025-07-09 09:03:17",NULL
"94","4","attested_copy_of_certificate_from_the_head_of_the_institution_stating_that_he_or_she_is_studying_in_the_institution","file",NULL,NULL,NULL,NULL,NULL,"{""required"":true}","{""required"":""This field is required""}",NULL,0,False,NULL,NULL,NULL,NULL,False,NULL,NULL,NULL,False,False,False,False,False,NULL,NULL,True,"2025-07-09 09:04:45","2025-07-09 09:04:45",NULL
"95","4","attested_copy_of_admission_slip","file",NULL,NULL,NULL,NULL,NULL,"{""required"":true}","{""required"":""This field is required""}",NULL,0,False,NULL,NULL,NULL,NULL,False,NULL,NULL,NULL,False,False,False,False,False,NULL,NULL,True,"2025-07-09 09:05:32","2025-07-09 09:05:32",NULL
"96","4","attested_copy_of_marksheet_of_the_exam","file",NULL,NULL,NULL,NULL,NULL,"{""required"":true}","{""required"":""This field is required""}",NULL,0,False,NULL,NULL,NULL,NULL,False,NULL,NULL,NULL,False,False,False,False,False,NULL,NULL,True,"2025-07-09 09:06:23","2025-07-09 09:06:23",NULL
"97","4","student_photograph","file",NULL,NULL,NULL,NULL,NULL,"{""required"":true}","{""required"":""This field is required""}",NULL,0,False,NULL,NULL,NULL,NULL,False,NULL,NULL,NULL,False,False,False,False,False,NULL,NULL,True,"2025-07-09 09:06:55","2025-07-09 09:06:55",NULL
"98","4","student_thumb_impression_or_signature","file",NULL,NULL,NULL,NULL,NULL,"{""required"":true}","{""required"":""This field is required""}",NULL,0,False,NULL,NULL,NULL,NULL,False,NULL,NULL,NULL,False,False,False,False,False,NULL,NULL,True,"2025-07-09 09:08:51","2025-07-09 09:08:51",NULL
