"id", "name_of_pfc", "pfc_name", "postal_address", "pin_code", "nearby_landmark", "latitude", "longitude","district_code"
1,"Barpeta", "Bajali Block Office", "Bajali Development Block, Choukhuty, Near Canara Bank Choukhuty, Vill: Barbang, Po: Barbang, Ps: Patacharkuchi, Dist: Bajali, Pin: 781325","781325","Near Canara Bank Choukhuty","26.531096","91.190565","280"
2,"Barpeta", "Barpeta Block Office", "Keotkuchi, Po: Keotkuchi, Ps: Barpeta, Dist: Barpeta, Assam","781309","Barpeta Dev Block Office","26.33428","91.00647","280"
3,"Barpeta", "Bhawani pur Block Office", "Sarupeta, P.O: Sarupeta, P.S: Patacharkuchi, Dist: Bajali, Assam","781318","Near Circle Office and BHB College Sarupeta","26.495054","91.067534","280"
4,"Barpeta", "Chakchaka Block Office", "Vill: Noontala, Po: Bairapur Noontala, Ps: Sorbhog, Dist: Barpeta, Assam","781317","Near Gonesh Mandir, Noontola","26.499055","90.855166","280"
5,"Barpeta", "Chenga Block Office", "Chenga-Bahari Rd, Kaltali, Dist: Barpeta, Assam","781302","Near Circle Office","26.268079","91.153681","280"
6,"Barpeta", "Gomaphulbari Block Office", "Vill: Bhogerpar, Po: Bhogerpar, Ps: Tarabari, Dist: Barpeta, Assam","781309","Near Suha High School","26.261292","91.081809","280"
7,"Barpeta", "Mandia BDO", "Vill: 1 No Bardalani, Po: Mandia, Ps: Baghbar, Dist: Barpeta, Assam","781308","Near Mandia Sub Registrar","26.276226","90.945805","280"
8,"Barpeta", "Pakabetabari Block Office", "Paka Betbari Dev Block Office, Vill: Chakir Bhitha, Po: Khablar Bhitha, P.S: Barpeta, Dist: Barpeta","781352","Pakabetbari Dev Block","26.40012","91.06991","280"
9,"Barpeta", "Ruposi Block Office", "Near Kalgachia Chariali, Po: Kalgachia, Ps: Kalgachia, Dist: Barpeta, Assam","781319","Near Kalgachia Block Primary Health Centre (BPHC)","26.358403","90.870331","280"
10,"Barpeta", "Sarukhetri Block Office", "Sarukhetri Development Block, Lachima, Vill: Lachima, P.O & P.S: Sarthebari, Dist: Barpeta, Assam","781307","Near Gohai Chupa Namghar","26.354581","91.209282","280"
11,"Barpeta", "Barpeta Deputy Registrar Office", "Near SP Office Barpeta, Barpeta Town, B.B Road, Dist: Barpeta, Assam","781301","Near District Agriculture Office","26.332225","91.010493","280"
12,"Barpeta", "Sorbhog Sub Registrar", "Sub Registrar & Marriage Office Sorbhog, Po+Ps: Sorbhog, Dist: Barpeta, Assam","781317","Barnagar Rev. Circle Office","26.47921","90.88133","280"
13,"Barpeta", "Kalgachia Sub-Registrar Office", "Kalgachia Chariali, Po+Ps: Kalgachia, Dist: Barpeta, Assam","781319","Near Fish Market","26.360328","90.871609","280"
14,"Barpeta", "Barpeta Municipal Board", "Muslimpatty, Barpeta Town, Dist: Barpeta, Assam","781301","Near Barpeta Treasury Office","26.331257","91.005898","280"
15,"Barpeta", "L.S. Office Barpeta", "Near Dto Office, Ps-Barpeta, Po— Barpeta, Dist— Barpeta, Assam—781301","781301","Near DTO Office","26.50765","91.16929","280"
16,"Biswanath", "Baghmara Block Development Office", "Vill Rotowa, Po Monabari, Ps Gingia, Dist Biswanath, Assam","784176","Near Pandit Din Dayal College","26.805897","93.252137","705"
17,"Biswanath", "Behali Block Development Office", "Vill Sukansuti, Po Borgang, Ps Behali, Dist Biswanath, Assam","784167","Near Adarsha Medical","26.834818","93.292702","705"
18,"Biswanath", "Biswanath Block Development Office", "Balipukhuri, Po Burigang, Ps Gingia, Dist Biswanath, Assam","784176","Near CRPF Camp","26.744612","93.198398","705"
19,"Biswanath", "Biswanath Municipal Board", "Biswanath Town, Bg Road, Po/Ps-Biswanath Chariali","784176","Near Post Office","26.73792","93.175552","705"
20,"Biswanath", "Chaiduar Block Development Office", "Vill & Po Ghahigaon, Dist Biswanath, Assam","784170","Near Hanuman Mandir","26.83304N","93.50774E","705"
21,"Biswanath", "Deputy Commissioner Office, Biswanath", "Kalyanpur, Po/Ps Biswanath Chariali, Dist Biswanath","784176","Near District Court","26°44'14.5\"N","93°08'22.1\"E","705"
22,"Biswanath", "Pub-Chaiduar Block Development Office", "Vill Chengmara, Po Kalabari, Ps Gohpur, Dist Biswanath, Assam","784178","Near Weekly Market","26.902007","93.717807","705"
23,"Biswanath", "Sakomatha Block Development Office", "Vill Falfali, Po Chariali, Ps Biswanath Chariali, Dist Biswanath, Assam","784176","Near AJP Office","26.7816","93.124","705"
24,"Biswanath", "Sootea Block Development Office", "Lb Road, Po Sootea, Ps Sootea, Dist Biswanath, Assam","784175","Near Naduar Circle Office","26.727948","93.041027","705"
25,"Biswanath", "Sub-Registrar Office, Biswanath", "DC Office Building, Kalyanpur, Po/Ps Biswanath Chariali, Dist Biswanath","784176","Near District Court","26°44'14.5\"N","93°08'22.1\"E","705"
26,"Bongaigaon", "Boitamari Block Office", "Boitamari Dev. Block Office, National Highway 31, Boitamari, Bongaigaon, Assam 783384","783384","","26.343173","90.514242","281"
27,"Bongaigaon", "Dangtol Block Office", "Dangtol Dev. Block Office, Dangtol, Bongaigaon, Assam Pin Code-783381","783381","","26.404969","90.44622","281"
28,"Bongaigaon", "Manikpur Block Office", "Manikpur Dev. Block Office, Manikpur, Borbila, Bongaigaon, Assam, Pin Code-783392","783392","","26.473701","90.802696","281"
29,"Bongaigaon", "Srijangram Block Office", "Srijangram To Abhayapuri Rd, Ujanpara, Pin-783383","783383","","26.380928","90.706354","281"
30,"Bongaigaon", "Tapattary Block Office", "Tapattary, Pin-783388","785388","","26.3254833","90.6830534","281"
31,"Bongaigaon", "Abhyapuri Municipal Board (Town Committee)", "Abhayapuri Municipal Board, SDO Office Rd, Abhayapuri, Bongaigaon, Assam 783384","783384","","26.335982","90.664133","281"
32,"Bongaigaon", "Bongaigaon DTO Office", "Bongaigaon Rd, Bongaigaon, Pin-783380","783380","","26.4480607","90.5629551","281"
33,"Bongaigaon", "Bongaigaon Sub-Registrar Office", "Mg Rd, Borpara, Mayapuri, Bongaigaon","783380","","26.47335","90.561637","281"
34,"Bongaigaon", "Bongaigaon Municipal Board", "Bongaigaon Municipal Board, Borpara, Mayapuri, Bongaigaon, Assam","783380","","26.47267","90.56118","281"
35,"Charaideo", "Sapekhati Dev Block", "Sapekhati Dev Block, P.O & P.S: Sapekhati, Dist: Charaideo, Assam","785692","Near Sapekhati Block Primary School","27.099854","95.159114","708"
36,"Charaideo", "Sub Registrar Office Charaideo Sonari", "Sub-Registrar Office, Charaideo, Sonari, Po & Ps: Sonari, Dist: Charaideo, Assam","785690","District Commissioner Office Compound","27.031677","95.008057","708"
37,"Charaideo", "West Abhoipur Dev Block","West Abhoipur Dev Block, Po: Suffry, Ps: Sonari, Dist: Charaideo","785689","Opposite Sonari-Mahmora Divisional Office (Irrigation)","27.003773","94.965181","708"
38,"Charaideo", "Lakwa Dev Block", "Lakwa Dev Block, P.O: Lakwa & P.S: Mathurapur, Dist: Charaideo","785698","Naharhabi T.E","26.96923","94.862997","708"
39,"Dhemaji", "Bordoloni Block Development Office", "Dewgharbari, Assam","787026","Near Bordoloni Outpost","27.41575746","94.4139289","284"
40,"Dhemaji", "Dhemaji Block Development Office", "Dhemaji Chariali, Hospital Road, Nh 52, Dhemaji, Assam","787057","Opposite DRDA Office","27.47037609","94.56023197","284"
41,"Dhemaji", "Murkongselek Tribal Development Office, Dhemaji", "No.1 Ratanpur Padi, Assam","787060","Near Jonai Bazar","27.81982152","95.2325645","284"
42,"Dhemaji", "Silapathar Science College", "Amritpur, Silapathar, Assam","787059","Silapathar College Road","27.60715104","94.73284259","284"
43,"Dhemaji", "District Rural Development Authority, Dhemaji", "Dhemaji Chariali, Hospital Road, Nh 52, Dhemaji, Assam","787057","Near Boruah Auto Traders, Hero Dhemaji","27.47175512","94.56133907","284"
44,"Dhemaji", "Sissiborgaon Block Development Office", "National Highway 52, Sissiborgaon, Dhemaji","787110","Bhebeli Road","27.5308104","94.68115094","284"
45,"Dhemaji", "Machkhowa Gaon Panchayat", "Borpak Gaon, Assam","787058","Machkhowa Chariali","27.32689638","94.54405573","284"
46,"Dhemaji", "Sissimukh Gaon Panchayat", "Jorkata Bangali, Sisi Bangali, Assam","787058","Near Sissimukh Model Hospital","27.33742339","94.60765664","284"
47,"Dhubri", "Office of the BDO, Agomoni Dev Block", "Vill: Shernagar, P.O: Agomani, P.S: Agomani, Dist: Dhubri (Assam)","783335","Near UCO Bank Agomani Branch","26.201743","89.783365","285"
48,"Dhubri", "Bilasipara Dev Block", "Vill: Sonaluguri, Po: Raniganj, Ps: Sapatgram, Dist: Dhubri (Assam)","783345","Near Raniganj HS School","26.3039718","90.1784098","285"
49,"Dhubri", "Chapar Salkocha Dev Block", "Vill: Arearjhar Pt-I, P.O: Chapar, P.S: Chapar","783371","Near 975 No Arearjhar Girls LP School","26.284581","90.4334712","285"
50,"Dhubri", "Office of the BDO, Debitola Dev Block", "Vill: Pakhihaga Pt-1, P.O: Debitola, P.S: Kazigaon, Dist: Dhubri","783339","Near Debitola High School","26.16502","90.00772","285"
51,"Dhubri", "Office of the BDO, Golokganj Dev Block", "Vill- South Tokrerchara Pt-IV, Po+Ps - Golakganj, Dist - Dhubri, Assam","783334","Near Circle Office","26.106698","89.83381","285"
52,"Dhubri", "Office of the BDO, Gauripur Dev Block", "Vill: Dharmasala Pt III, P.O: Dharmasala, Dist & Ps: Dhubri","783324","Near Haturhat Dharmasala Hs School","26.022786","89.887071","285"
53,"Dhubri", "Office of the BDO, Hatidhura Dev Block", "Vill-Oxiguri, Po-Srinagar, Ps-Tamarhat, Dist- Dhubri","783332","Near Hatidhura College","26.320825","89.853351","285"
54,"Dhubri", "Office of the BDO, Mahamaya Dev Block (Bagribari)", "Rajapara Pt-II, Po&Ps-Bagribari","783349","Near Mahamaya Busstand","26.02216","89.980724","285"
55,"Dhubri", "Office of the Bilasipara Municipal Board", "Bilasipara Ward No 14, Po&Ps- Bilasipara, Dist-Dhubri","783348","Near Bilasipara Police Station","26.224926","90.229889","285"
56,"Dhubri", "Office of the BDO, Rupshi Dev Block", "Vill Rupshi Part 1, Po Rupshi, Ps Kazigaon","783331","Shosan Kali Mandir","26.126465","89.91681","285"
57,"Dhubri", "Office of the Sr. Sub Registrar, Dhubri", "Dhubri Town Ward No.1, P.O and Dist Dhubri, Assam","783301","S. P English Medium School, Dhubri","26.02216","89.980724","285"
58,"Dhubri", "Office of the Sapatgram Municipal Board", "Sapatgram Town Ward No 3, Po & Ps - Sapatgram, Dist- Dhubri, Assam","783337","Near Kasari Field","26.3353373","90.1069608","285"
59,"Dhubri", "Office of the DTO, Dhubri", "DTO Office Dhubri, GTB Road, W/No-9, Po & Ps - Dhubri","783335","Near Smart Point","26.0245215","89.9821235","285"
60,"Dhubri", "Office of the Dhubri Municipal Board", "Dhubri Town Ward No.1, P.O and Dist Dhubri, Assam","783301","Near S.P Office, Dhubri","26.02216","89.980724","285"
61,"Dhubri", "Dhubri District Agriculture Office", "Ward No. 15, B.N College Road, P.O - Bidyapara, P.S & Dist- Dhubri","783324","Near B.N College Town Out Post","26.498423","93.960681","285"
62,"Dibrugarh", "Barbaruah Dev Block", "P.O: Barbaruah, Dist: Dibrugarh, Assam","786007","Near Barbaruah Veterinary Hospital","27.390028","94.874268","286"
63,"Dibrugarh", "Khowang Dev Block", "Khowang Dev Block, Tilok Nagar, Moran, Dist: Dibrugarh, Assam","785675","Near SBI, Tiloi Branch","27.223505","94.891528","286"
64,"Dibrugarh", "Tingkhong Dev Block", "Rajgarh, Dist: Dibrugarh, Assam","786611","Rajgarh Sub Divisional PWD Office","27.17323","95.115866","286"
65,"Dibrugarh", "Joypur Dev Block", "Vill: Naharani, P.O: Konwarigaon, Dist: Dibrugarh, Assam","786615","Near Naharani PHC","27.2572924","95.234683","286"
66,"Dibrugarh", "Lahoal Dev Block", "Lahoal, Patragaoan, P.O: Lahoal, Dist: Dibrugarh, Assam","780610","Near Lahoal PHC","27.460406","95.002356","286"
67,"Dibrugarh", "Tengakhat Dev Block", "Pandhua, P.O: Tengakhat, Dibrugarh, Assam","786103","Near Tengakhat Panchayat Office","27.366654","95.173779","286"
68,"Dibrugarh", "Dibrugarh MNB", "A.T. Road, Graham Bazar, Dibrugarh, Assam","786001","Near Joint Director Of Health Office","27.489063","94.912859","286"
69,"Dibrugarh", "Panitola Dev Block", "Panitola Dev Block, Vill: Balijan, P.O: Chabua, Dist: Dibrugarh, Assam","786184","Near 171 Battalion Chabua CRPF Camp","27.498156","95.18948","286"
70,"Dibrugarh", "Dibrugarh DTO", "A.T. Road, Phoolbagan, Dibrugarh, Assam","786001","Near Dibrugarh East Circle Office","27.486259","94.90787","286"
71,"Dibrugarh", "Naharkatia Municipal Board", "Naharkatia, Dibrugarh, Assam","786610","Near Naharkatia Circle Office","27.2834282","95.328976","286"
72,"Goalpara", "Balijana Development Block", "Balijana Development Block","783120","Agia Dorapara Road, Near Sankardev School, Agia","26.08728","90.558279","287"
73,"Goalpara", "Jaleshwar Development Block", "Jaleswar Development Block, Katarihara, Po- Katarihara, Dist- Goalpara, Assam","783132","Jaleswar College, Tapoban","26.042817","90.208907","287"
74,"Goalpara", "Kharmuja Development Block", "Kharmuja Development Block","783101","Near Kharmuja Bazar","26.142676","90.484737","287"
75,"Goalpara", "Krishnai Development Block", "Krishnai Development Block, Paikan","783126","Paikan Tinali, Tura Road","26.039018","90.645228","287"
76,"Goalpara", "Kushdhowa Development Block", "Kushdhowa T.D. Block","783124","Deulguri Part-I, Goalpara, Assam","26.008239","90.851216","287"
77,"Goalpara", "Lakhipur Development Block", "Lakhipur Development Block, Vill: Nidanpur Pt-II, Po+Ps: Lakhipur, Dist: Goalpara, Assam","783129","Near Forest Office, Lakhipur","26.02108","90.307468","287"
78,"Goalpara", "Matia Development Block", "Matia Development Block","783125","Matia Revenue Circle","26.076276","90.78703","287"
79,"Goalpara", "DRDA Goalpara", "DRDA, Goalpara","783101","Near Post Office, Goalpara","26.14503646","90.61518896","287"
80,"Goalpara", "Lakhipur Sub Registrar Office", "Lakhipur Sr. Office, Vill/Town- Lakhipur Town, Po+Ps- Lakhipur, Dist- Goalpara","783129","Near SBI Lakhipur","26.034639","90.306798","287"
81,"Goalpara", "Goalpara Municipal Board", "Goalpara Municipality Board, Kachari Ghat, Dist, Po & Ps - Goalpara, Assam","783101","Near Goalpara Sub Registrar","26.18435","90.633147","287"
82,"Goalpara", "SDAO Dudhnoi", "Sub Divisional Agriculture Office, Vill: Udaypur, Po: Dudhnoi","783124","Near Fire Office / Ayurveda Hospital, Dudhnoi","25.96588","90.78507","287"
83,"Golaghat", "Golaghat Central Development Block, Kothalguri", "Burali Kson Gaon, Po- Kathalguri","785622","Near Mini PHC, Buralikson Gaon, Kathalguri","26.601297","93.927215","288"
84,"Golaghat", "Golaghat South Development Block, Sarupathar", "Golaghat South Dev. Block, Padumoni, Sarupathar","785601","Padumoni Tiniali, Sarupathar","26.208783","93.863287","288"
85,"Golaghat", "Golaghat East Development Block, Podumoni", "Narayanpur, Po- Narayanpur, Narayanpur Grant","785702","Near PHC, Narayanpur","26.567633","93.7799","288"
86,"Golaghat", "Morongi Development Block", "Morongi Dev. Block, Po- Bongaon, Golaghat","785618","Morongi Market","26.533272","93.93909","288"
87,"Golaghat", "Bokakhat Development Block", "Bokakhat Dev. Block","785612","Near Bokakhat Girls School","26.636134","93.629612","288"
88,"Golaghat", "Dergaon Rev. Circle", "Office Of The Circle Officer, Dergaon Revenue Circle, Golaghat, Assam","785703","Near Dergaon Police Station","26.699535","93.979664","288"
89,"Golaghat", "Bokakhat Revenue Circle", "Bokakhat Revenue Circle, Po & Ps - Bokakhat","785612","Near Bokakhat Fire Station","26.641792","93.598697","288"
90,"Golaghat", "Sarupathar Rev Circle", "Sarupathar Revenue Circle, Po&Ps-Sarupathar, Golaghat","785601","Sarupathar Court Campus","26.208783","93.863287","288"
91,"Golaghat", "SDAO Sarupathar", "Sub Divisional Agriculture Office, Golaghat","785601","Sarupathar Court Campus","26.208783","93.863287","288"
92,"Golaghat", "Gomariguri Dev. Block, Gomari (Revised)", "Gomariguri Development Block, Gomariguri","785705","Near Adarsha Gp","26.37838","94.0571912","288"
93,"Golaghat", "Borpothar Municipality Board", "Barpathar Municipality Office, Barpathar","785602","Near Barpathar College","26.277754","93.892924","288"
94,"Golaghat", "Khumtai GP", "Khumtai Gaon Panchayat Office, Khumtai","785619","Khumtai Higher Secondary School","26.610696","93.839179","288"
95,"Golaghat", "Morongi Development Block", "Morongi Development Block, Doigrung, Purabangla","785702","Near Morongi Revenue Circle Office","26.554012","93.830242","288"
96,"Hailakandi", "SIPRD Boalipar", "P.O: Boalipar Bazar, Dist: Hailakandi, Assam","788155","Siprd Hailakandi Extension Centre","24.468718","92.58165","289"
97,"Hailakandi", "Lala Block Office", "Lala Block Office, Monacharra GP, Hailakandi, Assam","788168","Lala Dev Block Office","24.597017","92.562547","289"
98,"Hailakandi", "Katlicherra Block Office", "Katlicherra Block Office, Katlicherra, Hailakandi, Assam","788161","Katlicherra Dev Block Office","24.474101","92.553099","289"
99,"Hailakandi", "S. Hailakandi Dev Block", "South Hailakandi Development Block, Alychara, Part: V, Hailkandi, Assam","788165","S. Hailakandi Dev Block Office","24.38795","92.556675","289"
100,"Hailakandi", "Hailakandi Circle Office", "DC Office, P.O & Dist: Hailakandi, Assam","788151","Hailakandi DC & Circle","24.681384","92.563467","289"
101,"Hailakandi", "Algapur Dev Block", "P.O: Kalibari Bazar, Dist: Hailakandi, Assam",788150,"Algapur Dev Block & Circle Office","24.754802","92.593941","289"
102,"Hojai", Lanka Municipal Board, "Shillong Road, Near Bijoya Ghat, Lanka, Hojai",782446,"Near Bijoya Ghat","25.9175","92.9515","709"
103,"Hojai", Doboka Municipal Board, "Doboka Municipality Board, Doboka Town.",782440,,"26.1136","92.8669","709"
104,"Hojai", "Lumding Development Block", "Lanka, Bamungaon",782446,,"25.9059","92.9864","709"
105,"Hojai", Lumding Municipal Board, "Atrina Ram Road, Back Side Of Lumding Police Station, Lumding, Hojai",782447,"Back Side Of Lumding Police Station","25.7525","93.1747","709"
106,"Hojai", Udali Development Block, "Lanka, Bamungaon",782446,,"25.9059","92.9864","709"
107,"Hojai", Binakandi Development Block, "Binakandi Dev. Block, Doboka, Ward No-10, Near-Haji Anfar Ali College Road, P.O & P.S- Doboka",782440,"Near-Haji Anfar Ali College Road, P.O & P.S- Doboka","26.1134","92.8553","709"
108,"Hojai", Hojai Municipal Board, "Hojai Municipality Board, Notun Bojar Near Police Station, Hojai-",782435,"Notun Bojar Near Police Station",0.9996,92.8527,"709"
109,"Hojai", "Dhalpukhuri Development Block", "Dhalpukhuri Block, Hojai",782435,,"25.9943",92.8448,"709"
110,"Hojai", Jugijan Development Block, "Jugijan Dev Block Office, Sati Jaymati Road, Adarsha Bazar, Hojai",782435,,"26.0118",92.8604,"709"
111,"Hojai", Sub-Registrar Office, "Sub-Registrar Office, Hojai, Po & Ps—Hojai",782435,"Hojai Sub-Registrar Office",26.0109,92.8622,"709"
112,"Hojai", District Agricultural Office, "Office Of The District Agricultural Officer, Sib-Bari Road, Hojai",782435,"District Agricultural Office",25.9961,92.8511,"709"
113,"Jorhat", Jorhat Municipality Board, "Unnayan Super Market, 3rd Floor, Jorhat (Assam)",785001,"Near SBI",26.759699,94.207152,"290"
114,"Jorhat", Mariani Circle Office, "Mariani, Jorhat (Assam)",786634,"Near Adarsh Hindi School",26.657547,94.31971,"290"
115,"Jorhat", Titabor Dev Block, "Titabor Dev. Block, Jorhat (Assam)",785630,"Near Titabar Stadium",26.596237,94.202747,"290"
116,"Jorhat", "North West Dev Block, Dhekorgorah", "Desaikash Bamun Gaon, Jorhat (Assam)",785015,"Near Malow Ali HS School",26.774153,94.18037,"290"
117,"Jorhat", Teok Circle Office, "Teok, Jorhat (Assam)",785112,"Near Teok Town Committee Office",26.83175,94.41284,"290"
118,"Jorhat", Kaliapani Dev Block, "Kaliapani Dev Block, Kaliapani, Gohain Gaon, Jorhat (Assam)",785112,"Near Jetuki Konwar Jatiya Vidyalay",26.842473,94.457601,"290"
119,"Jorhat", "Central Development Block, Chipahikhola", "Central Development Block, Chipahikhola, Jorhat (Assam)",785700,"Near Chipahikhola Market",26.799306,94.337339,"290"
120,"Jorhat", "Jorhat Development Block, Bagchung", "Jorhat Development Block, Po- Cinnamara, Jorhat (Assam)",785008,"Near Lichu Bari Outpost",26.715451,94.213615,"290"
121,"Jorhat", "Jorhat East Development Block", "Jorhat East Development Block, Selenghat, Jorhat (Assam)",785636,"Near Selenghat HS School",26.792898,94.479703,"290"
122,"Jorhat", "DTO, Jorhat","Rajabari, Jorhat (Assam)",785014,"Near Rajabari Post Office",26.7444603,94.223339,"290"
123,"Jorhat", "70 No Madhya Khangia GP, Jorhat", "Pakamura, Jorhat, Po- Pakamura",785004,"Near Pokamura HS School",26.700745,94.147011,"290"
124,"Jorhat", "89 No Borholla GP", "Borholla, Po — Borholla, Jorhat (Assam)",785631,"Near Borholla HS School",26.452279,94.132651,"290"
125,"Kamrup Metro", "Guwahati Metropolitan Development Authority Bhangagarh", "GMC Road, Staffed Building, Bhangagarh, Guwahati",781005,"GMC Road Staffed Building",26.16183,91.76746,"618"
126,"Kamrup Metro", "Paribahan Bhawan, Khanapara, Guwahati", "Paribahan Bhawan, Khanapara, Guwahati", "781022", "Near Nh And Health City Hospital", "26.1175", "91.8111","618"
127,"Kamrup Metro", "District Transport Office, Betkuchi, Guwahati", "District Transport Office, Betkuchi, Guwahati", "781040", "Near Honda Showroom", "26.112744", "91.7311744","618"
128,"Kamrup Metro", "Directorate of Health Services, Hengerabari", "Directorate Of Health Services, Hengerabari", "781036", "Near Dc Office Kamrup Metro", "26.1516", "91.79675","618"
129,"Kamrup Metro", "Directorate of Inland Water Transport (AIWTD), Ulubari, Guwahati", "Directorate Of Inland Water Transport (AIWTD), Ulubari, Guwahati", "781007", "Near Ulubari Flyover", "26.174552", "91.7586184","618"
130,"Kamrup Metro", "Directorate of Employment and Craftsmen Training, Assam, Rihabari, Guwahati", "Directorate Of Employment And Craftsmen Training, Assam, Rihabari, Guwahati", "781008", "Ak Aad Road", "26.172679", "91.748437","618"
131,"Kamrup Metro", "The BDO, Chandrapur Development Block, Rajgarh, Kamrup Metro", "Chandrapur Development Block Office, Rajgarh, Kamrup Metro", "", "Near Rajgarh Chowk Tiniali", "26.2351038", "91.93799031","618"
132,"Kamrup Metro", "The BDO, Dimoria Development Block, Sonapur", "Dimoria Development Block, Sonapur", "782401", "Near National Highway", "26.117391", "91.964756","618"
133,"Kamrup Metro", "Maloibari Gaon Panchayat Office, Maloibari", "Maloibari Gaon Panchayat Office, Maloibari", "782403", "Near Maloibari Bishnu Mandir", "26.17592", "92.123127","618"
134,"Kamrup Metro", "37 No Ranigaon Panchayat, Vill-Batabari, P.O - Rani, Kamrup, Assam", "37 No Ranigaon Panchayat, Vill-Batabari, P.O - Rani, Kamrup, Assam", "781131", "Near Batabari", "26.038458", "91.580266","618"
135,"Kamrup Metro", "Directorate of Social Welfare, Kachari Ghat, Guwahati", "Directorate Of Social Welfare, Kachari Ghat, Guwahati", "781008", "Near Uzan Bazar", "26.1923", "91.7518","618"
136,"Kamrup Metro", "Dispur Revenue Circle, Nh27, Basista Chariali, Guwahati", "Dispur Revenue Circle, Nh27, Basista Chariali, Guwahati", "781028", "Near Basista Ps", "26.112607", "91.79407","618"
137,"Kamrup Rural", "Bezera Block Office, Vill— Bezera, P.O—Bezera, P.S—Baihata Chariali", "Vill— Bezera, P.O—Bezera, P.S—Baihata Chariali", "781121", "Near Bezera H.S School", "26.338273", "91.781861","291"
138,"Kamrup Rural", "Bidhia Jajikona Block Office, Vill- Jajikona, Po-Bihdia, Ps-Baihata Chariali", "Vill- Jajikona, Po-Bihdia, Ps-Baihata Chariali", "781381", "Near Bihdia Phc (Medical)", "26.399228", "91.728486","291"
139,"Kamrup Rural", "Boko Block Office, Vill- Pakharapara(Boko Bazzar), P.O -Boko, P.S-Boko", "Vill- Pakharapara(Boko Bazzar), P.O -Boko, P.S-Boko", "781123", "Near Singra Forest Office", "25.977444", "91.233024","291"
140,"Kamrup Rural", "Chayani Block Office, Vill- Jharobari, P.O - Jharobari P.S-Palashbari", "Vill- Jharobari, P.O - Jharobari P.S-Palashbari", "781120", "Near Assam Gramin Vikash Bank", "26.061355", "91.496986","291"
141,"Kamrup Rural", "Chaygaon Block Office, Vill- Nowapara (Champaknagar), P.O- Champaknagar, Ps-Chhaygaon", "Vill- Nowapara (Champaknagar), P.O- Champaknagar, Ps-Chhaygaon", "781124", "Near Chandika Mandir Gate", "26.056501", "91.403044","291"
142,"Kamrup Rural", "Hajo Block Office, Vill— Hajo, P.O- Hajo P.S- Hajo", "Vill— Hajo, P.O- Hajo P.S- Hajo", "781102", "Near Hajo Circle Office", "26.251971", "91.539844","291"
143,"Kamrup Rural", "Sualkuchi Block Office, Vill- Sualkuchi (Aadaboi), P.O - Sualkuchi, P.S- Sualkuchi", "Vill- Sualkuchi (Aadaboi), P.O - Sualkuchi, P.S- Sualkuchi", "781103", "Near Sericulture Office", "26.176704", "91.573727","291"
144,"Kamrup Rural", "Kamalpur Block Office, Vill- Alta, P.O- Baihata, P.S-Kamalpur", "Vill- Alta, P.O- Baihata, P.S-Kamalpur", "781380", "Near Kamalpur Revenue Circle", "26.349796", "91.683894","291"
145,"Kamrup Rural", "Rampur Block Office, Vill - Dahali (Karka), P.O - Batarhat, P.S- Palasbari", "Vill - Dahali (Karka), P.O - Batarhat, P.S- Palasbari", "781122", "Dahali Karka High School", "26.104504", "91.496263","291"
146,"Kamrup Rural", "Rangia Block Office, Town- Rangia, P.O-Rangia, P.S-Rangia", "Town- Rangia, P.O-Rangia, P.S-Rangia", "781354", "Nt Road Near By Apdcl Office", "26.43967", "91.614718","291"
147,"Kamrup Rural", "Rangia Sub-Registrar Office, Vill- Chirakhundi, P.O- Rangia, P.S- Rangia", "Vill- Chirakhundi, P.O- Rangia, P.S- Rangia", "781354", "Sdo (Civil) Rangia", "26.454931", "91.638041","291"
148,"Kamrup Rural", "Boko Sub-Registrar Office, Vill— Pakharapara (Boko), P.O— Boko, P.S— Boko", "Vill— Pakharapara (Boko), P.O— Boko, P.S— Boko", "781123", "Near Boko Revenue Circle", "25.975401", "91.230101","291"
149,"Kamrup Rural", "Rangia Circle Office, Town- Rangia, P.O-Rangia, P.S-Rangia", "Town- Rangia, P.O-Rangia, P.S-Rangia", "781354", "Nt Road Near Lic Building", "26.439167", "91.614718","291"
150,"Kamrup Rural", "Baidyagarh GP Office (Rangia), Vill - Tarani, P.O -Tarani, P.S - Rangia", "Vill - Tarani, P.O -Tarani, P.S - Rangia", "781354", "Near Arimatta Mini Stadium", "26.49255", "91.59765","291"
151,"Kamrup Rural", "Sub Register office Amingao n","De Office, Kamrup, Amingaon (North Guwahati), P.0- Amingaon, Ps- North Guwahati","781031","Near Kamrup District Court","26.193173","91.67295","291"
152,"Kamrup Rural", "Koya Circle Office","Vill - Kayan, P.0-Baranghati, P.S-Kayan","781350","Near Kayan Police Station","26.369047","91.5514148","291"
153,"Karbi Anglong", "Bokajan Development Block","Bokajan Development Block Office, Bokajan, Karbi Anglong, Assam","782488","Bokajan Town Ward No. 1, Near Cci","26.017043","93.763309","292"
154,"Karbi Anglong", "Dengaon Irrigation IB","Dengaon Irrigation lb, Dengaon Main Market, Karbi Anglong, Assam","782441","Dengaon Main Market","26.221363","92.979097","292"
155,"Karbi Anglong", "Diphu District Transport","Diphu District Transport Office, Diphu, Karbi Anglong, Assam","782460","Diphu Thana Road Ward No. 5","25.838541","93.427191","292"
156,"Karbi Anglong", "Howraghat Development Block","Howraghat Development Block Office, Howraghat, Karbi Anglong, Assam","782481","Howraghat Town, Block Development Office Pan Engti Gaon","26.110642","93.033491","292"
157,"Karbi Anglong", "Howraghat SD0(Civil) office","Howraghat Sdo(Civil) Office, Howraghat, Karbi Anglong, Assam","782481","Howraghat Town Ward No. 1","26.113221","93.038046","292"
158,"Karbi Anglong", "Karbi Anglong Autonomous Council, KAAC office","Karbi Anglong Autonomous Council Office Diphu, Karbi Anglong, Assam","782460","Karbi Anglong Autonomous Council, Kaac Office","25.839656","93.436186","292"
159,"Karbi Anglong", "Langsomepi Development Block","Langsomepi Development Block Office, Bokolia, Karbi Anglong, Assam","782482","Bokolia, Near Police Station","26.05474","93.200744","292"
160,"Karbi Anglong", "Lumbajong Dev. Block","Lumbajong Dev. Block Office, Manja Tiniali Opp. Assam Gramin Vikas Bank Manja Branch, Manja, Karbi Anglong Assam.","782461","Manja Tiniali Opp. Assam Gramin Vikas Bank Manja Branch.","25.967941","93.457463","292"
161,"Karbi Anglong", "Nilip Development Block","Nilip Development Block Office, Sarthe Tokbi Arong (Village), Chowkihola, Karbi Anglong, Assam","782480","Sarthe Tokbi Arong (Village), Chowkihola","26.422782","93.743477","292"
162,"Karbi Anglong", "Phuloni A.R.O. office","Phuloni A.R.O. Office, Near Longki Hanse Village, Phuloni, Karbi Anglong, Assam.","782441","Phuloni Circle Office Near Longki Hanse Village.","26.169462","93.136819","292"
163,"Karbi Anglong", "Rongmongwe Dev. Block office","Rongmongve Development Block Office, Kat Teron Arong (Village), Karbi Anglong, Assam.","782136","Ward No.1 Rongmongve Town, Kat Teron Arong (Village)","26.528646","93.262551","292"
164,"Karbi Anglong", "Silonijan ARO Office","Silonijan A.R.O Office, Silonijan Circle Office Ting Basti Silonijan, Karbi Anglong, Assam.","785602","Silonijan Circle Office Ting Basti Silonijan","26.322619","93.873395","292"
165,"Karbi Anglong", "Diphu Revenue Office","Diphu Revenue Office De Colony Diphu, Near Veterinary Office, Diphu, Karbi Anglong, Assam","782460","Diphu Revenue Office De Colony Diphu, Near Veterinary Office","25.838309","93.436055","292"
166,"Karbi Anglong", "Samelangso Dev. Block","Samelangso Development Block Office, Moinangpani, Karbi Anglong, Assam.","782481","Near Moinangpani, Samelangso Development Block Office","26.19733","93.072151","292"
167,"Karbi Anglong", "DC Office, Diphu","Dc Office, Diphu, Karbi Anglong, Assam","782460","Dc Office, Diphu","25.838182","93.43458","292"
168,"Karimganj", "Dullacherra Block Office","Dullabcherra Block 0ffice,Dul1abcherra, 7 No. Votarbond, Block Road, Karimganj Assam Pin : 788736","788736","Dullabcherra Block Office","24.472977","92.436468","293"
169,"Karimganj", "Lowairpoa Block Office","SibergooI,Lowairpoa, Dist : Karimganj, Pin : 788726","788726","Lowairpoa Block 0 ffice","24.468204","92.314614","293"
170,"Karimganj", "North Karimganj Block Office","Gardarashi, P.0 & Dist :Karimganj, Pin : 788709","788709","North Karimganj Block","24.876289","92.316446","293"
171,"Karimganj", "Patharkandi Block Office","Patharkandi Block Office,P.0+P.S :- Pathakandi, Dist : Karimganj , Assam  :- 788724","788724","Patharkandi Block Office","24.589423","92.337485","293"
172,"Karimganj", "South Karimganj Block Office","South Karimganj Block Office, Shyam nagar, Karimganj Assam Pin : 788713","788713","South Karimganj Block Office","24.843059","92.393242","293"
173,"Karimganj", "Ramkrishnanagar Circle Office","Ramkrishnanagar Circle Office,P.0+P.S:- Ramkrishnanagar, Dist : Karimganj - 788166","788166","Ramkrishnanagar Circle Office","24.568433","92.467085","293"
174,"Karimganj", "Patharkandi Circle Office","P.0 : Pathakandi, Dist : Karimganj , Assam 788724","788724","Patharkandi Circle Office","24.605115","92.318154","293"
175,"Karimganj", "Nilambazar Circle Office","Jatrapur Road, P.0 : Nilambazar, Dist : Karimganj, Pin : 788722","788722","Nilambazar Circle Office","24.749956","92.349931","293"
176,"Kokrajhar", "DC Office Kokrajhar","Office Of The District Commissioner, P.0, P.S. & Dist.-Kokrajhar","783370","Near Sbi, Main Branch","26.399786","90.261278","294"
177,"Kokrajhar", "Hatidhura Block Office","Vill.-Hatidhura P.0.-Srinagar P.S.-Tamarhat Dist.- Kokrajhar","783332","Hatidhura College","26.320996","89.854743","294"
178,"Kokrajhar", "Kachugaon Block Office","Vill.-Kanupara No 1 P.0.-Gurufela P.S.- Kachugaon Dist.-Kokrajhar","783360","Near Gurufela Police Station","26.515177","90.034437","294"
179,"Kokrajhar", "Serfanguri Thesil Office","Vill-Serfanguri P.O.+P.S. Serfanguri Dist. Kokrajhar","783346","Nh31C","26.552921","90.152948","294"
180,"Kokrajhar", "Titaguri Block Office","Vill.-Titaguri P.0. Titaguri P.S. & Dist.- Kokrajhar","783370","J D Road","26.442318","90.288043","294"
181,"Kokrajhar", "Bhawraguri Circle Office","Vill & Po- Aminkata, Ps- Gossaigaon, Dist- Kokrajhar","783337","Near Choutara Me School","26.407875","90.080694","294"
182,"Kokrajhar", "Bagribari Circle Office","Vill, Po & Ps- Bagribari, Dist- Kokrajhar","783349","Near Bagribari Police Station","26.522189","90.503104","294"
183,"Kokrajhar", "Dotoma Circle office","Vill, Po & Ps— Dotma, Dist- Kokrajhar","783347","Near High Secondary School Dotma","26.465881","90.148536","294"
184,"Kokrajhar", "Gossaigaon Sdo Civil","Vill -Habru bil Po-Gossa igaon Ps-Gossaigaon Dist- Kokrajhar","783360","P.N.B. Civil Hospital Road","26.451613","89.973202","294"
185,"Lakhimpur", "Bihpuria municipal board","Bihpuria Municipal Board, Po- Bihpuria, Bihpuria Lakhimpur","784161","Bihpuria Police Station","27.015014","93.915932","295"
186,"Lakhimpur", "Bordoibam Gaon Panchayat","Baliani, Po- Ghilamora, Ps- Ghilamora Lakhimpur, Assam","787053","Block Development Office, Bordoibam","27.311928","94.387899","295"
187,"Lakhimpur", "Sub-Divisional Officer(c), Dhakuakhana","Gohain Bari Pathar, Ps- Dhakuakhana Lakhimpur, Assam","787055","Judicial Court, Dhaku akhana","27.201113","94.393433","295"
188,"Lakhimpur", "Harmoti Gaon Panchayat","Merbil, Po- Merbil, Ps- Laluk Lakhimpur, Assam","784160","Weekly Bazar, Harmoti","27.122948","93.853715","295"
189,"Lakhimpur", "Karunabari Block Development Office","2No Karunabari, Ps- Laluk Po- Laluk, Lakhimpur, Assam","784160","Laluk College","27.100463","93.944098","295"
190,"Lakhimpur", "North Lakhimpur Municipal Board","Ward No -06, Po— North Lakhimpur Ps- North Lakhimpur, Lakhimpur, Assam","787001","North Lakhimpur Circle Office","27.238249","94.106306","295"
191,"Lakhimpur", "Nowboicha Circle Office","Vill - Bilotia, Po- Nowboicha Ps- Nowboicha, Lakhimpur, Assam","787023","Nowboicha Police Station","27.171079","94.020859","295"
192,"Lakhimpur", "Narayanpur Revenue Circle Office","Vill- Panbari, Po- Panbari, Ps— Narayanpur, Assam","784164","Agriculture Office, Narayanpur","26.970418","93.869009","295"
193,"Lakhimpur", "Telahi Block Development Office","Vill- Kalita Gaon, Po- Khoga, Ps- Panigaon, Lakhimpur, Assam","787052","Madhya Telahi High School","27.136729","94.14226","295"
194,"Lakhimpur", "Bihpuria Circle Office","Po- Bihpuria, Ps- Bihpuria, Lakhimpur, Assam","78416T","Bihpuria College","27.024459","93.915697","295"
195,"Lakhimpur", "Sonari Chapori Gaon Panchayat","Vill- Sonari Chapari, Po- Kekuri, Lakhimpur, Assam","7877","Veterinary Office, Sonari Chapari","7.14489","94.346398","295"
196,"Majuli", "Ujani Majuli Rev Circle","Jengraimukh Po, Majuli","785105","","27.0484","94.2844","706"
197,"Majuli", "Ujani Majuli Dev Block","Jengraimukh Po, Majuli","785105","","27.0635","94.2817","706"
198,"Majuli", "Majuli Dev Block","Kamalabari Po, Majuli","785106","","26.9468","94.172","706"
199,"Majuli", "Chilakola GP Office","Garmursatra S.O","785106","","26.9485","94.097","706"
200,"Majuli", "Dakhin Ahatguri GP Office","Dergaon Po","785108","","26.7897","93.9873","706"
201,"Majuli", "Ratanpur Miri GP Office","Ratanpur Miri Pam, Nayabazar","785105","","27.0898","94.3863","706"
202,"Majuli", "Rawanapar GP Office","Kamalabari Po Majuli","785106","","26.9519","94.2554","706"
203,"Nalbari", "Barkhetri Block Development Office","0/0 Barkhetri Block Development Office, P.O.+P.S.- Mukalmua, District- Nalbari, Assam.","781126","Near Barkhetri Rev. Circle Office","26.27467712","91.35568529","298"
204,"Nalbari", "Barbhag Block Development Office","0/0 Barbhag Block Development Office, Village- Kamarkuchi, District- Nalbari, Assam.","781347","Near Hajo—Nalbari Road","26.3484321","91.468243","298"
205,"Nalbari", "Paschim Nalbari BD0","0/0 Paschim Nalbari Block Development Office, Rupiyabathan, P.0.-Chamata, P.S.- Belsor, Dist.- Nalbari, Assam.","781306","Near Chamata Higher Secondary School","26.405513","91.347678","298"
206,"Nalbari", "Madhupur BD0","0/0 Madhu pur Block Development Office, Kaithalkuchi, Nalbari, Assam.","781370","Near Kaithalkuchi Railway Station","26.4518825","91.4381376","298"
207,"Nalbari", "Mukalmua Sub-Registrar Office","0/0 Sub-Registrar Office Mukalmua, P.O.+ P.S.- Mukalmua, District- Nalbari, Assam.","781126","Near Barkhetri Rev. Circle Office","26.2733885","91.3537057","298"
208,"Nalbari", "Belsor Gaon Panchayat","0/0 Belsor Gaon Panchayat, Belsor, Nalbari, Assam.","781304","Near Belsor Balak High School","26.3785941","91.3358203","298"
209,"Nalbari", "Borigog Bonbhag Block","0/0 Borigog Block Development Office, Tamulpur Road, Ghograpar, Dist.- Nalbari, Assam","781369","Near Tamulpur- Ghograpar Road","26.472892","91.4697845","298"
210,"Nalbari", "Nalbari Municipality Board","0/0 Municipal Board Nalbari, Ward No-6, Pnc Road, Islamsupa, Dist.- Nalbari, Assam","781335","Near Police Station Nalbari","26.4454204","91.4394505","298"
211,"Nalbari", "Nalbari DTO","0/0 The District Transport Office, N.H.-31, P.0.+District- Nalbari, Assam","781335","Near S.P. Office Nalbari","26.4597144","91.4298278","298"
212,"Sivsagar", "Sivsagar Dev Block (Khe)uvva)","0/F Sivasagar Development Block, Village- Khelua, Po Khelua Dist: Sivasagar","785701","","26.98678","94.72766","300"
213,"Sivsagar", "Sibsagar Municipal Board","0/F Sivasagar Municipal Board, A.T Road, Ward No 9","785640","Near Dikhow Bridge","26.97765","94.63235","300"
214,"Sivsagar", "Sibsagar DTO","0/F District Transport Officer, A T Road, Namtial Pather, Sivasagar","785600","","26.99934","94.64818","300"
215,Sivsagar, "Simalgu ri Gram Panchayat","O/F Simal uguri  Gaon Panchayat, Nazira Road, Balighat",785686,Near Markaz Academy,26.92642,94.74099,"300"
216,Sivsagar, "Gourisagar Dev Block","0/F Gaurisagar Bdo, Ga urisagar Dist: Sivasagar",785664,"Introns Of Gaurisaga Police S tation",26.94767,94.53607,"300"
217,Sivsagar, "Amguri Municipal Board","O/F Amguri  Municipal  Board, Ward No 10, Dist : Sivasagar",785680,", lN ear Railway Colony",26.81003,94.52228,"300"
218,Sivsagar, "Asst. Executive Engineer PWD Road, Geleky","O/F Asst Executive Engineer  Pwd Roads, Gelakey Charali,",785696,Near Gelakey  Bus Stop,26.80278,94.70055,"300"
219,Sivsagar, "Nazira Dev Block", "0/F Nazira Bdo, Abhaypuria  Gaon, Chapangni",785685,,26.87389,94.66205,"300"
220,Sivsagar, "Demow Dev Block", "O/F Demow  Bdo, Dist Sivasagar",785662,Near Demow Chariali,27.12645,94.73982,"300"
221,Sonitpur, "Dhekiajuli Municipal Board","Dhekiajuli  Lachit Complex, Dhekiajuli,7 84110",784110,N.H. 52,26.7046292 5,92.49256681,"301"
222,Sonitpur, "Jam ugurihat Town Committee","Pachimborbhogia, Jamagurihat,784180",784180,Jamagurihat,26.7371 131,92.9374585,"301"
223,Sonitpur, "Rangapara Block Development Office","Rangapara  BIock Office, Pin! 784505",784505,Rangapara,26.8214324,92.682479,"301"
224,Sonitpur, "Balipara Block Development Office","Balipara Dev.Block,Ghoramari,Sonitpur, Pin-78410S",784105,Ghoramari,26.75415476,92.77579478,"301"
225,Sonitpur, "Bihaguri Block Development Office","Bihaguri Block Devlopment  Office, Tu muki, P.O-Pithakhuwa,P.S-Tezpur Rural Puthimari, Pin-784153",784153,Pithakhuwa,26.67888317,92.6601451,"301"
226,Sonitpur, "Borchalla Block Development Office","Bhotpara, Near Asstt Executive Engineer Pwd Office, P.0-Dhekiajuli ,P.0—Palashbasti Pathar Pin- 784112",784112,Palashbasti  Pathar,26.7009195,92.517 3105,"301"
227,Sonitpur, "Dhekiajuli Block Development Office","Dhekiajuli  Block Devlopment Office,Dhekiajuli Pin-7841 10",784110,Dhekiajuli,26.7089765 4,92.477 16834,"301"
228,Sonitpur, "Gabharu Block Development Office","Gabhoru Bdo Office,Vil1-D iputa, P.0-Diputa,Pin-784150",784150,Radhikapur,26.66583408,92.73841234,"301"
229,Sonitpur, "Naduar Block Development Office","Panchi Gaon Rd,Jam ugurihat,Assam","784180", Panchi Gaon, 26.72225187, 92.92062155,"301"
230,Sonitpur, "Dakhin Murhadol Gaon Panchayat","Dakhin Murhadol Gaon Panchayat ,Vill- Dhailaibil, P.0-Naharbari,Sonitpur, Pin- 784182",784182,Naharbari,26.78207672,92.91236324,"301"
231,Sonitpur, "Rangapara  Municipal Board","Lechu Bagan, Ward No 4, Ragapara,Sonitpur Assam, Pin-784505",74505,"Lech u Bagan, Panitanki",26.82021765,92.68225662,"301"
232,Sonitpur, "Tezpur Development Authority","Hatipillkhana,P.0-Tezpur,P.S-Tezpur,Pin-784001",784001,Silver Jubuli School,26.62788358,92.79322091,"301"
233,Sonitpur, "Tezpur Municipal Board","Tezpur Municipal  Board, Post Office Road, Word,Ward  No-8 Near Head Post Office, Tezpur,Assam  Pin-784001",784001,Post Office Road,26.6212990 9,92.79794509,"301"
234,"South Salmara- Mankachar", "Malir Alga GP","Mat ir Alga Gp Office, Po-Fuler Char, Ps- Sukchar, Dist-South Salniara Mankachar, Assam-7 83135",783135,Malir Alga Me School,25.739755,89.889835,"707"
235,"South Salmara- Mankachar", "South Salmara Circle Office","Vill-Tumni Laokhowa, Po-Tumni, Ps-South Salmara, Dist-South Sahara Mankachar, Assam-78312 7",783127,Rbp Hs School,25.875908,90.009934,"707"
236,"South Salmara- Mankachar", "Fekamari Block Office","Fekamari Development Block Office, Po- Fekamari, Dist-South  Salmara Mankachar, Assam-783135",783135,"District & Sessions Judge, South Salmara Mankachar",25.694762,89.8985 73,"707"
237,"South Salmara- Mankachar", "Bengerbhita  GP Office","Bengerbhita  Gp Office, Po-Kalapani,  Dist- South Sal mara Mankachar,  Assam-783135",783135,Bengerbhita  Bazar,25.606329,89.920392,"707"
238,"South Salmara— Mankachar", "Kukurmara  GP","Vill-Kukurmara  Ptl, Po-Radhamadhab Hat, Ps - Mankachar, Dist-So uth Sal mara Mankachar,  Assam-783131",783131,Kukurmara  Bop,25.646362,89.889538,"707"
239,"South Salmara- Mankachar", "Kakripara GP Office","Vill+Po-Kakripara, Ps-Mankachar,  Dist- South Salmara Mankachar, Assam-7 83131",783131,Kakripara Bazar,25.541012,89.86792,"707"
240,"South Salmara- Mankachar", "Tumni GP","Vill+Po-Tumni,  Ps-South Sal mara, Dist- South Salmara Mankachar,  Assam-7 83127",783127,Tumni Bazar,25.8577556,89.9986254,"707"
241,"Tinsukia", "Tinsukia  Revenue Circle Office","Tinsukia Revenue Circle Office, A T Road, Near Tinikunia  Pukhuri, Po/Ps: Tinsukia, 786125",786125,Tinikunia  Pukhuri Bustand,"27°29'5.8872""N","95°20’S5.8065""E","302"
242,"Tinsukia", "Guijan Dev Block","Nu npuria Bongali Gaon, Po-Panitola, Ps-Panitola,Dist-Tinsukia","786183", Nunpuria Bongali Gaon,27.498774,95.28811 7,"302"
243,"Tinsukia", "Hapjan Dev Block","Betjan Road,P.0 -Maku m,Ps-Makum,Dist-Tinsukia","786,170","Betjan Road,Makum",27.499478,95.428585,"302"
244,"Tinsukia", "Doomdooma Circle Revenue Office","Rupaisiding, Po-Rupaisiding","786153","Near Doomdooma College, Nh 37",27.59464S,95.55ó157,"302"
245,"Tinsukia", "Tinsukia Municipal Board","Tinsukia Munici pal Board,Dist-Tinsukia,P.0- Tinsukia,P.S-Tinsukia",786125,"Near Vishal Megamart,Tinsukia Thana Chariali Road",27.4889 N,95.3569 E,"302"
246,"Tinsukia", "Margherita Dev Block","Margherita  Development Block Office, Jayanagar, Margherita, P.O.- Ma ku mpather, Ps- Margherita, Dist- Tinsukia",786187,"Near Margherita  Coflege Road",27.296318,95.657101,"302"
247,"Tinsukia", "Kakopii thar Dev Block","Kakopather Deve1 opment  Block Office, Kakopather, P.0  - Kakopather, Dist- Tinsukia",786152,"Near Veterinary  Hospital, Nh 15",27.622175,95.639858,"302"
248,"Tinsukia", "Saikhowa Dev Block","Khaloi Gaon, P.O-Saikhowa Ghat,Tinsukia",786154,"Dholla-Dhadu m Gaon Panchayat",27.735655,95.598711,"302"
249,"Tinsukia", "Sadiya Development Block","Sadiya Development  Block, P.0. Chapakhowa,  P.S. Sadiya, Dist- Tinsukia",786157,Chapakhowa  Municipal Board,7.90959,95.770841,"302"
250,"Tinsukia", "Itakhuli Dev Block","ltakhuli Dev Block, P.0.- Mohkhuli, Ps- Bordubi,  Dist- Tinsukia",786148,Nr Bapuji Panchaiyat,27.4354810 1,95.35624336,"302"
2S1,"Tinsukia", "Sadiya Revenue Circle Office","Sadiya Revenue Circle Office, P.0- Chapakhowa,  Ps- Sadiya, Dis- Tinsukia",786157,"Near Sbi Chapakhowa Branch, Sadiya",27.91209 6,95.768836,"302"
252,"West Karbi Anglong", "Amri Development Block","Amri Development  Block Office, Ullukunchi, West Karbi Anglong, Assam",782410,"Ullukunchi,  Arnri Block Development  Office",25.951858,92.341711,"710"
253,"West Karbi Anglong", "Chinthong Development Block","Chinthong Development  Block Office, Hamren Habe Arong (Village), Ham ren, West Karbi Anglong, Assam",782486,Hamren Habe Arong (Village),25.865132,9K593996,"710"
254,"West Karbi Anglong", "Rongkhang Development Block","Rongkhang Development  Block Office, Donkamukam  Town, Sari Ali, West Karbi Anglong, Assam.",782485,"Donkamukam  Town, Sari Ali",25.933224,92.70174i,"710"
255,"West Karbi Anglong", "DC Office, Ham ren","Dc Office, Sai Ali, Near Rongchingdon, Hamren, West Karbi  Anglong, Assam",782486,"Sai Ali, Hamren, Near Rongchingdon",25.847B77,92.578705,"710"
256,"Morigaon", "Morigaon Municiopality Board","Vip Road, Rajagaon,Morigaon",782105,Morigaon Police Station,26.285247,92.352917,"296"
257,"Morigaon", "DTO, Morigaon", "Morigaon", 782105, "Opposite Drda Office", 26.24370356, 92.33522929,"296"
258,"Morigaon", "Zilaparisad  Morigaon (CEO)", "Rajagaon, Morigaon,Assam",782105,"Opposite Shankardev Buildmart",26.25249644,9234609798,"296"
259,"Morigaon", "Bhurbandha  Development Block","Bhurbandha,Mo rigaon,Assam",782104,"Opposite Bhurbandha Gaon Panchayat",26.30487°,92.362217°,"296"
260,"Morigaon", "Laharighat  Development BIock","Dhingarati, Laharighat, Morigaon ,Assam",782127,"Nearby Laharighat  Petrol Pump",26.41946 585,92.33632242,"296"
261,"Morigaon", "Mayong Development Block",Jagi Bhakatgao n,782411,"Opposite Mayong Circle Office",26.1860° N,92.2304°,"296"
262,"Morigaon", "Kapili Development Block","Barapujia, Po — Barapujia, Morigaon",782103,Barapujia Govt. Mv School,26.273842°,92.498843°,"296"
263,"Morigaon", "Moirabari  Development Block","Hatimuria, Moirabari, Morigaon",782126,Near Awahaq  Hospital,26.45344,92.438466,"296"
264,"Morigaon", "Paghali GP (Dolong Ghat Block)","Paghali Gaon Panchayat, Dologgghat Rd,Bormonipur",782142,"Opp Dolongghat  Dev Block",26.331848,92.543963,"296"
265,"Baksa", "Office of the Block Development  Officer- Barama","Office of the Block Development  0fficer- Kadamtal  Nikasi Road, Barama,  Barama, Dist: Baksa,Assam, PIN- 781346",781346,Barama La khi Mandir,26.53095,91.35134,"616"
266,"Baksa", "Office Of The Forest  Range Officer-Kumarikata","Office Of The Forest Range 0 fficer- Kumarikata,  Village: Gopinathpur,Kumarikata,PS: Tamulpur, Dist- Baksa,Assam, Pin-781360",781360,,26.736203,91.554009,"616"
267,"Baksa", "Office of the Block Development Officer- Goreswar","Office of the BIock Development Officer- Goreswar,  Village -Baghdoba,  District- Baksa, Pin-7813 66",781366,"UN Academy, Goreswar",26.528172,91.70t06,"616"
268,"Baksa", "Office of the Block Development Officer- Nagrajuli","Office of the Block Development Officer— Nagrajuli, Pin-781368",781368,,26.713071,91.652994,"616"
269,"Baksa", "Office of The Sub- Divisional Officer-Salbari","Office of The Su b-Divisional  Officer- Salbari,P.0- Salbari, District-Baksa  Pin Code- 781318",781318,Near Salbari College,26.64436,91092402,"616"
270,"Baksa", "Office of The Sub-Divisional Officer-Tamulpur(Tamulpur DC Office)","Office of The Sub-D ivisional Officer- Tann ulpur,Vill: Kalbari, PO: Kalbari, PS:Tamulpur,Dist: Baksa,Assam, PIN- 781367",781367,,26.6003S7,91599588,"616"
271,"Baksa", "Office of the Revenue Circle Officer—Bagan para","Office of the Revenue Circle Officer— Bagan para, PO: Baganpara,Dist- Baksa,Assam,PIN— 781344",781367,,26.651538,91.447173,"616"
272,"Baksa", "Office of the Revenue Circle Officer-Barama","Office of the Revenue Circle Officer-Barama, Vill: Niz Juluki, PO: Barama, PS:Barama,Dist: Baksa,Assam, PIN- 781346",781346,,26.519492,9l35!639,"616"
273,"Baksa", "Office of the Revenue Circle Officer—Baska","Baksa Revenue Circle,Baska,District - Baksa, State-Assam  Pin-78 1372",781372,Baska District Centre,26.664246,91.343164,"616"
274,"Baksa", "Office of the Revenue Circle Officer—Goreswar","Office of the Revenue Circle Officer—Goreswar,  Village no-2 , Goresh war, P.0- Goreshwar,  District-Baksa, Pin-7813 66",781366,"UN Academy, Goreswar / Office of the Revenue Circle Officer—Goreswar",26.52811,91.72069,"616"
275,"Baksa", "Office of the Revenue Circle Officer-Salah","Office of the Revenue Circle Officer-Jalah, P.0- Jalahghat,  District - Ba ksa, State-Assam, Pin-781327",781327,,26.643315,91.228181,"616"
276,"Baksa", "Office of the Revenue Circle Officer-Tamulpur","Office of the Revenue Circle Officer- Tamulpur, Vill: Tant ulpur, PO: Tamulpu r, PS: Tamulpur, Dist: Tamulpur,Assam,PIN-781367",781367,"Near Sub-register Office, Tamulpur",26.616671,91.573838,"616"
277,"Baksa", "Deputy Commissioner’s Office-Baksa","Deputy Commissioner’s Office- Baksa,Village: lN o Kataligaon,Dist-Baksa,P.O/P.S-Mushalpur,Pin-781372,Assam",781372,"SP Office, Baksa",26.661069,9t.3625361,"616"
278,"Udalguri", "Dimakuchi SDO(Agri) Office","Dimakuchi Sdo Agriculture Office,P.S-Dimakuchi,C.O-Harisinga",784526,"Near Sbi Dimakuchi Branch",26.744231,91.82656,"617"
279,"Udalguri", "Rowta Block Office","ta Block Development Office,P.S-Rowta",784508,"Near Rowta Police Station",26.701899,92.20055,"617"
280,"Udalguri","O/Ee Dhanshree Project Weir Div. Bhairabkunda","Executive Engineer Dhanshree Project Weir Div. Bhairabkunda",784513,"Near Dhanshree Resort",26.889368,92.112956,"617"
281,"Udalguri","BhergaonSdo(Civil) Office","Vill-Doulchuba,P.O-Bhergaon,P.S-Tangla,Dist-Udalguri",784522,"Near Bhergaon Polytechnic College,Udalguri",26.635198,91.840215,"617"
282,"Udalguri","Kalaigaon Circle Office","Kalaigaon Revenue Circle Office,Vill-Gerua,P.O-Kalaigaon,P.S-Kalaigaon,Dist-Udalguri",784525,"Near Kalaigaon Development Block Office",26.576778,91.973528,"617"
283,"Udalguri","Udalguri Circle Office","Udalguri Revenue Circle Office,P.O-Udalguri,P.S-Udalguri,Dist-Udalguri",784509,"Near Udalguri Phc Hospital",26.747943,92.095742,"617"
284,"Udalguri","Khoirabari Circle Office","Khoirabari Revenue Circle Office,Vill-Khoirabari,P.O-Khoirabari,Dist-Udalguri",784522,"Near Khoirabari Town High School",26.598629,91.819783,"617"
285,"Udalguri","Mazbat Circle Office","Mazbat Revenue Circle,P.O-Mazbat,Dist-Udalguri",784507,"Near Mazbat College",26.801784,92.287203,"617"
286,"Udalguri","Harisinga Circle Office","Harisinga Revenue Circle Office,P.O+P.S-Tangla,Dist-Udalguri",784521,"Near Tangla Police Station",26.65638668,91.91679437,"617"
287,"Udalguri","Udalguri Circle Office","Dc Office,Udalguri,P.O-Udalguri,P.S-Udalguri,Dist-Udalguri",784509,"Near District Agriculture Office",26.7335,92.0918,"617"
288,"Chirang","Runikhata VCDC","Madhyam Ranikhata,Runikhata,Assam—783373",783373,"Runikhata Ps",26.635253,90.381742,"612"
289,"Chirang","SDO Bijni","Sub Division Office Rd, Bijni,Assam 783390",783390,"Bijni College",26.492956,90.70218,"612"
290,"Chirang","Bengtol Rev Circle","Bengtol No.1, Assam 783394",783394,"Bengtol College",26.632011,90.47761,"612"
291,"Chirang","Sidli Revenue Circle Office","Namalpur,Assam 783373",783373,"Sidli Police Station",26.53758,90.4503221,"612"
292,"Chirang","DC Office,Chirang","Kajalgaon,Chirang,Pin: 783385(Btad),Assam",783385,"Sp Office Chirang",26.5223484,90.500174,"612"
293,"Dima Hasao","N.C. Hills Autonomous Council","N.C. Hills Autonomous Council Secretariat,PO-Haflong,Dima Hasao",788819,"Near AIR Station",25.161274,93.018366,"299"
294,"Dima Hasao","J.V.D Block, Mahur","Jatinga Valley Development Block, PO-Mahur,Dima Hasao",788830, "Near Mahur Hospital",25.1809616,93.11067,"299"
295,"Dima Hasao","P.W.D. Ib Of Laisong","PWD IB, Laisong Village,PO-Mahur,Dima Hasao.",788830,"Near Laisong Bazaar",25.208323,93.304158,"299"
296,"Dima Hasao", "Community Hall N.Songkai","New Songkhai  village, PO-Mahur, Dima Hasao.",788830,,25.08454,93.282018,"299"
297,"Dima Hasao", "Gunjung  Veterinary Dispensary","Veterinary  Dispensary Gungjung,  PO-Haflong, Dima Hasao",788819,Near Khali Mandir,25.318944,93.008558,"299"
298,"Dima Hasao", "New Sangbar Dev. Block,Dihangi","New Sanbar Dev Block 0fficeDihangi,“ Haflong, Dima Hasao",7888t9,"Near Dihangi StateDispensary",25.41951,92.99334,"299"
299,"Dima Hasao", "Thaisubari  P.W.D. lb","PWD IB, Thaijuwari, PO- Haflong, Dima Hasao.",788819,New Shiv Mandir,25.563649,92.970927,"299"
300,"Dima Hasao", "Diyungbra  Dev. Block Office","Diyungbra Development BlockOffice,PO-Diyungbra, Dima Hasao.",782448,Near Irrigation Office,25.737545,92.913631,"299"
301,"Dima Hasao", "Umrangsu Town Committee","Town Committee  Um rongso, PO- Umrongso, Dima Hasao.",788931,Opposite Sneha Lodge, 20.51235,92.73973,"299"
302,"Dima Hasao", "P.W.D. IbLangting","PWD ID, Langting,  PO- Langting, DIma Haso.",788832,Near Shivraipur Ba ikho,25.49988,93.11085,"299"
303,"Dima Hasao", "Maibong B.D.O.","Block Development Office, Maibang, P0-Maibang, Dima Hasao.",788831,,25.29683,93.13869,"299"
304,"Dima Hasao", "Khepre Irrigatio n Ib","Irrigation IB Khepre, PO- Maibang, Dima Hasao.",788831,"Near Police Outpost, Khepre",25.441856,93.36T 458,"299"
305,"Dima Hasao", "Harangajao  Dev. Block Office","Harangajao Development Block 0fflCe, PO- Harangajao,  Dima Hasao.",788818,"Near Police Station, Harangajao",25.10747 5,92.853502,"299"
306,"Dima Hasao", "Boro—Arkap  Subsidary Health Center","Boro- Arkap Subsi dary Health Center, PO-Mahur, Dima Hasao.",788830,,25.0326914,93.1920728,"299"
307,"Dima Hasao", "D.C. Office, Haflong","DC Office Ha flong, PO- Hafl ong, Dima Hasao.",788819,Near Police Station,25.16718,93.01873,"299"
308,"Dima Hasao", "Veterinary office, Nriachibangiao","Veterinary Office Nriachibanglo,  PO- Haflo rig, Dima Hasao",788819,,25.206482,92.962015,"299"
309,"Nagaon", "Jakhalabandha  PWD Office","Jakhalabandha  Pwd Office Colony ,P.0- Jakhalabandha",782136,"Jakhalabandha  Pwd (Roads) Executive Engineer  Office",26.587822,92.982021,"297"
310,"Nagaon", "Rupahi Revenue Circle","Vill:Theo Tangani, P.0: Juria",782124,Juria Police Statio n,26.443017,92.6525g9,"297"
311,"Nagaon", "Laokhua Development Block","Vill: Pachim Singimari, P.0: Singimari",782125,Balika Small Centre,26.468155,92.747299,"297"
312,"Nagaon", "Kaliabor Revenue Circle","Vill:Kuwaritol Trunk Road Nh 37 ,Po;Kuwaritol,  Ps ;Ku waritol",782137,"Near Apdcl Office , Nh 37",26.55171,92.93529,"297"
313,"Nagaon", "Bajiagaon Development Block","Vill: Bajiagaon, P.0: Bajiagaon",782140,"Near Bajiagaon Post Office",26.42444,92.833663,"297"
314,"Nagaon", "Paschim Kaliabor Development Block","Vill: Missa,P.0: Missa, P.S : Kaliabor",782138,"Near Don Bosco School,iViissa",26.493457,92.947798,"297"
315,"Nagaon", "Raha Development Block","Vill: Lawphulabari , P.0: Dighaliati","782,103","Near Dighaliati Gaon Panchayat",26.205986,92.483446,"297"
316,"Nagaon", "Barhampur Development Block",Vill: Barhampur Majp u tani P.0:Barhampur,782102,Near Barhampur  Bazar And 9Apbn Camp,6.32552 S,92.754574,"297"
317,"Nagaon", "Kaliabor Development Block","Vill: Hatbor, P.0: Hatbor",782136,Near Textile Office,26.574812,92.9680 26,"297"
318,"Nagaon", "Dolongghat  Development Block","Vill:Brmonipur, P.0: Dolongghat",782142,"Dolongghat  Develop ment Block",26.332701,92.544753,"297"
319,"Nagaon", "Rupahihat Development Block","Vill: Rupahi Bhakat Gaon, P.O: Ru pahi",782125,"Near Rupahihat Police Station",26.414098,92.735694,"297"
320,"Nagaon", "Kathiatoli  Development Block","Vill: Rengbeng,  P.0: 9engbeng, P.S: Kathiatoli",782427,Rengbeng Gha t,26.162544,92.75869,"297"
321,"Nagaon", "Botadroba Development Block","Vill: Dhing, P.0: Dhing",782123,Near Education  Block,26.454198,93.486321,"297"
322,"Nagaon", "Juria  Development Block",Vill: Dagaon P.0: Juria,782124,Near Dagaon Hospital,26.441613,92.614414,"297"
323,"Nagaon", "Nagaon  Sadar Revenue Circle Office","Nagaon Town, P.0:  Nagaon",782001,"Nagaon Sadar Revenue Circle Office",26.353663,92.684294,"297"
324,"Nagaon", "Raha Revenue Circle Otlice","Vill: Raha, P.O: Ra ha",782103,N ear Sbi Raha Branch,26.228537,92.519398,"297"
325,"Nagaon", "Kampur Revenue Circle Office","Kampur Town, P.0:  Kampur, P.S: Kampur",782426,"Near Town Comittee Office",26.158061,92.660534,"297"
326,"Nagaon", "Pakhimoria  Dev Block","Vill: Ranthali, P.0: Ranthali",782001,lndane Gas Agency,26.274256,92.680241,"297"
327,"Nagaon", "Khaga rijan Dev  Block","Vill: Senchowa,  P.0: Senchowa",782002,Near Agriculture Offece,26.319613,92.647933,"297"
328,"Nagaon", "Samaguri Revenue Circle","Vill: Samaguri,  P.O: Samaguri",782140,Sbi Samaguri Branch,26.414074,92.839436,"297"
329,"Cachar", "Silchar Deputy Registrar office","P.0 : Silchar, Dist : Cachar, Pin : 788001",788001,"Opposite Head Post Office Silchar",24.B30243,92.802006,"282"
330,"Cachar", "Silchar Sub Registrar office","P.0 : Silchar, Dist : Cachar, Pin : 788001",788001,"Opposite Head Post Office Silchar",24.830243,92.802006,"282"
331,"Cachar", "Cachar DTO","Park Road, P.0 : Silchar, Dist : Cachar, Pin : 788003",788003,Sp Office Silchar,24.828261,92.794042,"282"
332,"Cachar", "Cachar, Silchar BDO office","Silchar Bdo Office, Meherpur, Near Meherpur Flour Mill, Silchar — 788015",788015,"Near Cancer Hospital,Silchar",24.790 625,92.794255,"282"
333,"Cachar", "Katigora h Block office","Katigorah Block Office, Katigorah,Silchar, Cachar Pin : 788805",788805,,24.87628,92.575426,"282"
334,"Cachar", "Katigorah Sub Registrar office","P.0 & Ps : Katigorah, Dist : Cachar, Pin : 788803",788803,"Near Circle Office Katigorah",24.8762S6,92.575032,"282"
335,"Cachar", "Kalain  Block office","Kalain Block Development  Office, Hilara, Dist : Cachar, Pin : 788815",788815,,24.938808,92.594688,"282"
336,"Cachar", "Tapang Block office","P.0  : Digolsri kona, Dist : Cachar, Pin 788026",788026,,24.821864,92.701386,"282"
337,"Cachar", "Salchapra Block office","Salchapra Block Office, Salachpara,  Cachar Pin : 788801",788001,"Near To Salchapra Police Station",24.8358836,92.661425,"282"
338,"Cachar", "Udarbo nd Block Office","Udarbond  Block Office,P.0 & P.S - Ud harbond, Cachar Pin : 788030",788030,"Opposite  bldharbond Hospital",24.887 282,91886667,"282"
339,"Cachar", "Borkhola  Block","Barkhola, P.0 : Silchar, Dist : Cachar, Pin 7881 10",788t T 0,,24.740589,92.740589,"282"
340,"Cachar", "Banskandi Dev Block","Banskandi  Development Block, Banskandi, Silchar Pin: 788101",788101,,24.808152,92.902501,"282"
341,"Cachar", "Palonghat  Block office","Dugrubasti,  P.0  : Palonghat, Dist : Cachar, Pin : 788116","788116",,"24.64435","92.897327","282"
342,"Cachar", "Palonghat Sub Registrar office","Palonghat, Dist : Cachar, Pin : 788114",788114,,"24.732891","92.903085","282"
343,"Cachar", "Sonai Oev Block","Sona i Developmen t Block Office, Kaptanpur, Dist : Cachar Pin : 788119","788119",,"24.733681","92.907766","282"
344,"Cachar", "Narsingpur Block Development Office","Narsingpur  Development  Block, P.0 : Narsingpur,  Dist : Cachar, Pin : 788115","788115",,"24.68477561","92.844t6t21","282"
345,"Cachar", "Borjalenga Block dev","Borjale nga Block Development Office, Borjalenga,  Dist : Cachar, Pin : 788011",788011,,"24.66962","92.734008","282"
346,"Cachar", "Binakandi Dev Block","Binnakandi  Development Block,Binnakandi,P.0:- Chhotamamda Cachar Pin : 788126",788126,,"24.758714","92.9849","282"
347,"Cachar", "Lakhipur Block","Lakhipur Block,La khipur, P.0:-Fulertal, Cachar Pin : 788106","788106",,"24.789985","93.022288","282"
348,"Cachar", "Lakhipur Municipal  office","Lakhipur Municipal Office, Lakhipur, Cachar Pin: 788103","788103",,"24.792854","93.002938","282"
349,"Cachar", "Cachar Municipal","Cachar Municipal,Silchar, Cacha- r Pin 788001","788001","Near By Bongo Bhawan Silchar","24.830758","92.804283","282"
350,"Cachar", "Barjatrapur Gram Panchayat (GP)","Barjatrapur Gaon Panchayat Office, P.0: Barjatrapur, Dist : Cachar, Pin : 788110","788110",,"24.872825","92.713767","282"
351,"Cachar", "82 No. Mani pur Tarapur Gaon Panchayat","Vill & P.0 : Manipur Part-I, Dist : Cachar, Pin 788101","788101",,"24.820643","92.946839","282"
352,"Darrang", "Bechimari  Block office","Gandapukhuri, Darrang","784514",,"26.643","92.1731","283"
353,"Darrang", "Kalaigaon Block office","Kalaigaon,  Darrang","784525",,"26.5741","91.9717","283"
354,"Darrang", "Pachim-Mangaldai Block office","Block Chowk, Mangaldai, Darrang","784125",,"26.4236","92.002","283"
355,"Darrang", "Pub-Mangaldoi Block office","Dhula, Darrang","784146",,"265076","92.1198","283"
356,"Darrang", "Sipajhar Block office","Sipajhar, Darrang","784145",,"26.3937","91.8981","283"
357,"Darrang", "DaIgaon-Sialmari Block office","Niz Kharupetia, Darrang","784115",,"26.4871895","92.0994688","283"
358,"Darrang", "Ghorabandha Gaon Panchayat","Dakshin Chu burr, Sipajhar, Darrang","784145",,"26.4012","91.9042","283"
359,"Darrang", "Mangaldai Municipal Board","Ward No 1, Mangldai, Darrang","784125",,"26.4372392","92.0316845","283"
360,"Darrang", "Kharupetia Town Committee,  Kharupetia","Nh-lS, Kharupetia, Darrang","784115",,"26.5195393","92.1497145","283"
361,"Darrang", "Irrigation Office,Mangaldai Town.","Santipur, Mangaldai, Darrang","784125",,"26.44289","92.0423","283"
362,"Darrang", "Dipila Gaon Panchayat","Dipila Chowka, Darrang","784144",,"26.4528","91.8655","283"
